as_of_date,app_id,app_name,app_domain,app_category,publisher_id,publisher_name,publisher_domain,platforms,downloads,users,revenue,ios_downloads,ios_users,ios_revenue,android_downloads,android_users,android_revenue,publisher_main_mmp,current_mmp,current_mmp_install_date,is_on_singular,previous_mmp,previous_mmp_install_date,mmp_count,mmp_history,has_switched_mmp,switch_date,days_since_switch,is_recent_switch,contract_start_date,next_renewal_date,days_to_renewal,is_in_renewal_window,crm_id,crm_account_name,crm_match_method,crm_duplicate_count,crm_duplicate_ids,account_type,account_owner,territory,last_activity_date,publisher_active_arr,is_publisher_primary_row,publisher_arr_repeated,crm_sdk_mismatch,possible_crm_id,possible_crm_account_name,possible_account_type,possible_account_owner
2026-09-14,APP-1001,Nimbus Ride,ride.nimbusint.com,Lifestyle,PUB-0001,Nimbus Interactive,nimbusint.com,"Android, iOS",108165,36702,123875.13,40967,13901,46917.39,67198,22801,76957.74,AppsFlyer,Adjust,2026-07-02,false,AppsFlyer,2022-04-12,2,AppsFlyer 2022-04-12 → Adjust 2026-07-02,true,2026-07-02,74,true,2026-07-02,2027-07-02,291,false,0014UZ9QMC1CTL2AAO,Nimbus Interactive,domain,0,,Prospect,Tobias Diallo,US,2026-02-12,,false,0,,,,,
2026-09-14,APP-1002,Nimbus Eats,eats.nimbusint.com,Finance,PUB-0001,Nimbus Interactive,nimbusint.com,"Android, iOS",221356,89630,981064.63,109270,44245,484292.49,112086,45385,496772.14,AppsFlyer,AppsFlyer,2022-04-12,false,,,1,AppsFlyer 2022-04-12,false,,,false,2022-04-12,2027-04-12,210,false,0014UZ9QMC1CTL2AAO,Nimbus Interactive,domain,0,,Prospect,Tobias Diallo,US,2026-02-12,,false,0,,,,,
2026-09-14,APP-1003,Nimbus Freight,freight.nimbusint.com,Food & Drink,PUB-0001,Nimbus Interactive,nimbusint.com,"Android, iOS",353809,149744,1139378.71,173866,73586,559902.91,179943,76158,579475.80,AppsFlyer,AppsFlyer,2022-04-12,false,,,1,AppsFlyer 2022-04-12,false,,,false,2022-04-12,2027-04-12,210,false,0014UZ9QMC1CTL2AAO,Nimbus Interactive,domain,0,,Prospect,Tobias Diallo,US,2026-02-12,0,true,0,,,,,
2026-09-14,APP-1004,Nimbus Wallet,wallet.nimbusint.com,Health & Fitness,PUB-0001,Nimbus Interactive,nimbusint.com,"Android, iOS",173187,80845,682825.51,67721,31613,267005.27,105466,49232,415820.24,AppsFlyer,AppsFlyer,2022-04-12,false,,,1,AppsFlyer 2022-04-12,false,,,false,2022-04-12,2027-04-12,210,false,0014UZ9QMC1CTL2AAO,Nimbus Interactive,domain,0,,Prospect,Tobias Diallo,US,2026-02-12,,false,0,,,,,
2026-09-14,APP-1005,Cobalt Siege,siege.cobaltplay.io,Weather,PUB-0002,Cobalt Play,cobaltplay.io,"Android, iOS",241249,80783,950918.46,84833,28406,334381.71,156416,52377,616536.75,Adjust,AppsFlyer,2026-06-18,false,Adjust,2022-09-30,2,Adjust 2022-09-30 → AppsFlyer 2026-06-18,true,2026-06-18,88,true,2026-06-18,2027-06-18,277,false,0018HX1L10K48LPAAO,Cobalt Play,domain,0,,Prospect,Dara Nandakumar,LATAM,2025-10-29,0,true,0,,,,,
2026-09-14,APP-1006,Cobalt Solitaire,solitaire.cobaltplay.io,Travel,PUB-0002,Cobalt Play,cobaltplay.io,"Android, iOS",209760,60890,831897.17,76821,22300,304669.69,132939,38590,527227.48,Adjust,Adjust,2022-09-30,false,,,1,Adjust 2022-09-30,false,,,false,2022-09-30,2026-09-30,16,true,0018HX1L10K48LPAAO,Cobalt Play,domain,0,,Prospect,Dara Nandakumar,LATAM,2025-10-29,,false,0,,,,,
2026-09-14,APP-1007,Cobalt Racers,racers.cobaltplay.io,Music,PUB-0002,Cobalt Play,cobaltplay.io,"Android, iOS",266966,124542,895719.67,104253,48635,349787.27,162713,75907,545932.40,Adjust,Adjust,2022-09-30,false,,,1,Adjust 2022-09-30,false,,,false,2022-09-30,2026-09-30,16,true,0018HX1L10K48LPAAO,Cobalt Play,domain,0,,Prospect,Dara Nandakumar,LATAM,2025-10-29,,false,0,,,,,
2026-09-14,APP-1008,Mercato Table,table.mercatogroup.com,Music,PUB-0003,Mercato Group,mercatogroup.com,"Android, iOS",211837,77116,625819.30,98737,35944,291694.59,113100,41172,334124.71,AppsFlyer,AppsFlyer,2022-02-14,false,,,1,AppsFlyer 2022-02-14,false,,,false,2022-02-14,2027-02-14,153,false,001K5CWQCASNWFUAAO,Mercato Group,domain,0,,Partner,Rin Villalobos,US,2025-07-25,,false,0,,,,,
2026-09-14,APP-1009,Mercato Stay,stay.mercatogroup.com,News,PUB-0003,Mercato Group,mercatogroup.com,"Android, iOS",147842,55516,255101.98,55457,20825,95691.81,92385,34691,159410.17,AppsFlyer,AppsFlyer,2022-02-14,false,,,1,AppsFlyer 2022-02-14,false,,,false,2022-02-14,2027-02-14,153,false,001K5CWQCASNWFUAAO,Mercato Group,domain,0,,Partner,Rin Villalobos,US,2025-07-25,,false,0,,,,,
2026-09-14,APP-1010,Mercato Market,market.mercatogroup.com,Productivity,PUB-0003,Mercato Group,mercatogroup.com,"Android, iOS",250404,108953,643034.57,115180,50116,295782.05,135224,58837,347252.52,AppsFlyer,Branch,2022-02-26,false,AppsFlyer,2022-02-14,2,AppsFlyer 2022-02-14 → Branch 2022-02-26,true,2022-02-26,1661,false,2022-02-26,2027-02-26,165,false,001K5CWQCASNWFUAAO,Mercato Group,domain,0,,Partner,Rin Villalobos,US,2025-07-25,0,true,0,,,,,
2026-09-14,APP-1011,Orchid Fit,fit.orchidlabs.co,Shopping,PUB-0004,Orchid Labs,orchidlabs.co,"Android, iOS",125538,36612,181732.50,50933,14854,73732.89,74605,21758,107999.61,Branch,Branch,2026-08-25,false,Kochava,2023-05-19,2,Kochava 2023-05-19 → Branch 2026-08-25,true,2026-08-25,20,true,2026-08-25,2027-08-25,345,false,001BOGCQ6MDVYGHAAO,Orchid Labs,domain,0,,Churned,Viktor Costa,EMEA,2026-01-20,0,true,0,,,,,
2026-09-14,APP-1012,Orchid Sleep,sleep.orchidlabs.co,Food & Drink,PUB-0004,Orchid Labs,orchidlabs.co,"Android, iOS",31277,11692,29113.82,11782,4404,10967.52,19495,7288,18146.30,Branch,Kochava,2023-05-19,false,,,1,Kochava 2023-05-19,false,,,false,2023-05-19,2027-05-19,247,false,001BOGCQ6MDVYGHAAO,Orchid Labs,domain,0,,Churned,Viktor Costa,EMEA,2026-01-20,,false,0,,,,,
2026-09-14,APP-1013,Pinewood Stream,stream.pinewood-digital.com,Health & Fitness,PUB-0005,Pinewood Digital,pinewood-digital.com,"Android, iOS",1680189,569270,4325837.81,646820,219151,1665311.39,1033369,350119,2660526.42,Adjust,Adjust,2024-09-27,false,,,1,Adjust 2024-09-27,false,,,false,2024-09-27,2026-09-27,13,true,001WDS92ZKYEBJ2AAO,Pinewood Digital,domain,0,,Prospect,Dara Nandakumar,LATAM,2026-01-18,0,true,0,,,,,
2026-09-14,APP-1014,Pinewood Kids,kids.pinewood-digital.com,Entertainment,PUB-0005,Pinewood Digital,pinewood-digital.com,"Android, iOS",145879,61318,353565.78,53693,22569,130136.75,92186,38749,223429.03,Adjust,Adjust,2024-09-27,false,,,1,Adjust 2024-09-27,false,,,false,2024-09-27,2026-09-27,13,true,001WDS92ZKYEBJ2AAO,Pinewood Digital,domain,0,,Prospect,Dara Nandakumar,LATAM,2026-01-18,,false,0,,,,,
2026-09-14,APP-1015,Pinewood Radio,radio.pinewood-digital.com,Sports,PUB-0005,Pinewood Digital,pinewood-digital.com,"Android, iOS",62892,22419,86318.11,30983,11045,42524.28,31909,11374,43793.83,Adjust,Adjust,2024-09-27,false,,,1,Adjust 2024-09-27,false,,,false,2024-09-27,2026-09-27,13,true,001WDS92ZKYEBJ2AAO,Pinewood Digital,domain,0,,Prospect,Dara Nandakumar,LATAM,2026-01-18,,false,0,,,,,
2026-09-14,APP-1016,Halcyon Bank,bank.halcyonmobile.net,Education,PUB-0006,Halcyon Mobile,halcyonmobile.net,"Android, iOS",293795,83096,496688.00,110587,31278,186957.73,183208,51818,309730.27,Singular,Singular,2026-05-06,true,AppsFlyer,2022-12-01,2,AppsFlyer 2022-12-01 → Singular 2026-05-06,true,2026-05-06,131,false,2026-05-06,2027-05-06,234,false,001BMCFKQQZAF0XAAO,Halcyon Mobile,domain,0,,Prospect,Zara Okonkwo,US,2026-06-26,,false,0,prospect_on_singular_sdk,,,,
2026-09-14,APP-1017,Halcyon Invest,invest.halcyonmobile.net,Weather,PUB-0006,Halcyon Mobile,halcyonmobile.net,"Android, iOS",203268,74622,546698.25,90126,33086,242399.11,113142,41536,304299.14,Singular,AppsFlyer,2022-12-01,false,,,1,AppsFlyer 2022-12-01,false,,,false,2022-12-01,2026-12-01,78,true,001BMCFKQQZAF0XAAO,Halcyon Mobile,domain,0,,Prospect,Zara Okonkwo,US,2026-06-26,0,true,0,prospect_on_singular_sdk,,,,
2026-09-14,APP-1018,Tessera Notes,notes.tesseraapps.com,Education,PUB-0007,Tessera Apps,tesseraapps.com,"Android, iOS",143860,43933,603028.95,54083,16516,226703.36,89777,27417,376325.59,Branch,Branch,2025-09-22,false,,,1,Branch 2025-09-22,false,,,false,2025-09-22,2026-09-22,8,true,001I3MSFHWB7ZOVAAO,Tessera Apps,name,0,,Customer,Priya Okonkwo,APAC,2025-11-13,41000,true,41000,customer_without_singular_sdk,,,,
2026-09-14,APP-1019,Tessera Scan,scan.tesseraapps.com,Lifestyle,PUB-0007,Tessera Apps,tesseraapps.com,"Android, iOS",299234,107902,416761.78,126003,45436,175492.07,173231,62466,241269.71,Branch,Branch,2025-09-22,false,,,1,Branch 2025-09-22,false,,,false,2025-09-22,2026-09-22,8,true,001I3MSFHWB7ZOVAAO,Tessera Apps,name,0,,Customer,Priya Okonkwo,APAC,2025-11-13,,false,41000,customer_without_singular_sdk,,,,
2026-09-14,APP-1020,Vantage News,news.vantagepointmedia.com,Sports,PUB-0008,Vantage Point Media,vantagepointmedia.com,"Android, iOS",21513,8972,50893.64,10272,4284,24300.21,11241,4688,26593.43,Adjust,Adjust,2023-01-31,false,,,1,Adjust 2023-01-31,false,,,false,2023-01-31,2027-01-31,139,false,001P3TVER54SBU8AAO,Vantage Point Media,domain,0,,Prospect,Dara Nandakumar,LATAM,2025-11-08,,false,0,,,,,
2026-09-14,APP-1021,Vantage Sports,sports.vantagepointmedia.com,Education,PUB-0008,Vantage Point Media,vantagepointmedia.com,"Android, iOS",32104,15120,91050.59,12727,5994,36096.02,19377,9126,54954.57,Adjust,Adjust,2023-01-31,false,,,1,Adjust 2023-01-31,false,,,false,2023-01-31,2027-01-31,139,false,001P3TVER54SBU8AAO,Vantage Point Media,domain,0,,Prospect,Dara Nandakumar,LATAM,2025-11-08,,false,0,,,,,
2026-09-14,APP-1022,Vantage Weather,weather.vantagepointmedia.com,Education,PUB-0008,Vantage Point Media,vantagepointmedia.com,"Android, iOS",68202,24336,247565.88,30050,10722,109077.38,38152,13614,138488.50,Adjust,Adjust,2023-01-31,false,,,1,Adjust 2023-01-31,false,,,false,2023-01-31,2027-01-31,139,false,001P3TVER54SBU8AAO,Vantage Point Media,domain,0,,Prospect,Dara Nandakumar,LATAM,2025-11-08,0,true,0,,,,,
2026-09-14,APP-1023,Brightfin Pay,pay.brightfin.app,Business,PUB-0009,Brightfin,brightfin.app,"Android, iOS",1444874,533615,2083060.15,701685,259143,1011612.12,743189,274472,1071448.03,Kochava,Kochava,2024-03-11,false,,,1,Kochava 2024-03-11,false,,,false,2024-03-11,2027-03-11,178,false,,,unmatched,0,,,,,,,true,,,0015IQ6UWN217YHAAO,Brightfin Holdings,Customer,Zara Okonkwo
2026-09-14,APP-1024,Brightfin Credit,credit.brightfin.app,Education,PUB-0009,Brightfin,brightfin.app,iOS,923985,306818,1078981.70,923985,306818,1078981.70,,,,Kochava,AppsFlyer,2026-08-30,false,Kochava,2024-03-11,2,Kochava 2024-03-11 → AppsFlyer 2026-08-30,true,2026-08-30,15,true,2026-08-30,2027-08-30,350,false,,,unmatched,0,,,,,,,false,,,0015IQ6UWN217YHAAO,Brightfin Holdings,Customer,Zara Okonkwo
2026-09-14,APP-1025,Kestrel Dating,dating.kestreldigital.com,Productivity,PUB-0010,Kestrel Digital,kestreldigital.com,"Android, iOS",582442,272223,614091.21,281059,131362,296331.41,301383,140861,317759.80,Airbridge,Airbridge,2022-07-08,false,,,1,Airbridge 2022-07-08,false,,,false,2022-07-08,2027-07-08,297,false,00125P5XN9NJA9SAAO,Kestrel Digital,domain,0,,Prospect,Camila Haddad,EMEA,2025-09-21,,false,0,,,,,
2026-09-14,APP-1026,Kestrel Meet,meet.kestreldigital.com,News,PUB-0010,Kestrel Digital,kestreldigital.com,"Android, iOS",172752,71657,653388.71,78089,32391,295352.98,94663,39266,358035.73,Airbridge,AppsFlyer,2026-04-21,false,Airbridge,2022-07-08,2,Airbridge 2022-07-08 → AppsFlyer 2026-04-21,true,2026-04-21,146,false,2026-04-21,2027-04-21,219,false,00125P5XN9NJA9SAAO,Kestrel Digital,domain,0,,Prospect,Camila Haddad,EMEA,2025-09-21,0,true,0,,,,,
2026-09-14,APP-1027,Sable Shop,shop.sableco.com,Lifestyle,PUB-0011,Sable and Co,sableco.com,iOS,172418,70687,261473.25,172418,70687,261473.25,,,,Branch,Branch,2023-11-03,false,,,1,Branch 2023-11-03,false,,,false,2023-11-03,2026-11-03,50,true,0019NZ3HK1B796JAAO,Sable and Co,name,0,,Churned,Zara Takahashi,APAC,2026-06-05,,false,0,,,,,
2026-09-14,APP-1028,Sable Style,style.sableco.com,Shopping,PUB-0011,Sable and Co,sableco.com,"Android, iOS",7458163,2453596,26674619.70,2715168,893239,9710981.79,4742995,1560357,16963637.91,Branch,Branch,2023-11-03,false,,,1,Branch 2023-11-03,false,,,false,2023-11-03,2026-11-03,50,true,0019NZ3HK1B796JAAO,Sable and Co,name,0,,Churned,Zara Takahashi,APAC,2026-06-05,0,true,0,,,,,
2026-09-14,APP-1029,Juniper Learn,learn.juniperworks.io,Sports,PUB-0012,Juniper Works,juniperworks.io,"Android, iOS",215914,68107,383464.16,76420,24105,135721.75,139494,44002,247742.41,Adjust,Tenjin,2024-06-14,false,,,1,Tenjin 2024-06-14,false,,,false,2024-06-14,2027-06-14,273,false,001NIMJVH8GEOXNAAO,Juniper Works,name,0,,Prospect,Dara Nandakumar,LATAM,2026-06-14,,false,0,,,,,
2026-09-14,APP-1030,Juniper Tutor,tutor.juniperworks.io,Education,PUB-0012,Juniper Works,juniperworks.io,"Android, iOS",2277002,815679,7925675.42,1086002,389033,3780101.50,1191000,426646,4145573.92,Adjust,Adjust,2026-09-01,false,Tenjin,2024-06-14,2,Tenjin 2024-06-14 → Adjust 2026-09-01,true,2026-09-01,13,true,2026-09-01,2027-09-01,352,false,001NIMJVH8GEOXNAAO,Juniper Works,name,0,,Prospect,Dara Nandakumar,LATAM,2026-06-14,0,true,0,,,,,
2026-09-14,APP-1031,Nomad Invest,invest.nomadworks.com,Education,PUB-0013,Nomad Works,nomadworks.com,"Android, iOS",2095667,588537,6336451.91,816281,229240,2468105.63,1279386,359297,3868346.28,Kochava,Kochava,2023-07-01,false,,,1,Kochava 2023-07-01,false,,,false,2023-07-01,2027-07-01,290,false,,,unmatched,0,,,,,,,true,,,,,,
2026-09-14,APP-1032,Obsidian Maps,maps.obsidiansystems.co,Shopping,PUB-0014,Obsidian Systems,obsidiansystems.co,"Android, iOS",134245,37659,575612.75,48431,13586,207661.41,85814,24073,367951.34,AppsFlyer,AppsFlyer,2023-03-10,false,,,1,AppsFlyer 2023-03-10,false,,,false,2023-02-19,2027-02-19,158,false,001TNHDSBABNGESAAO,Obsidian Systems,domain,0,,Prospect,Priya Okonkwo,APAC,2026-05-23,0,true,0,,,,,
2026-09-14,APP-1033,Obsidian Transit,transit.obsidiansystems.co,Photo & Video,PUB-0014,Obsidian Systems,obsidiansystems.co,"Android, iOS",73112,30986,239166.40,28372,12025,92812.88,44740,18961,146353.52,AppsFlyer,AppsFlyer,2023-02-19,false,,,1,AppsFlyer 2023-02-19,false,,,false,2023-02-19,2027-02-19,158,false,001TNHDSBABNGESAAO,Obsidian Systems,domain,0,,Prospect,Priya Okonkwo,APAC,2026-05-23,,false,0,,,,,
2026-09-14,APP-1034,Obsidian Bank,bank.obsidiansystems.co,Utilities,PUB-0014,Obsidian Systems,obsidiansystems.co,"Android, iOS",20363,8859,52249.14,7873,3425,20202.18,12490,5434,32046.96,AppsFlyer,AppsFlyer,2023-03-21,false,,,1,AppsFlyer 2023-03-21,false,,,false,2023-02-19,2027-02-19,158,false,001TNHDSBABNGESAAO,Obsidian Systems,domain,0,,Prospect,Priya Okonkwo,APAC,2026-05-23,,false,0,,,,,
2026-09-14,APP-1035,Obsidian Market,market.obsidiansystems.co,Food & Drink,PUB-0014,Obsidian Systems,obsidiansystems.co,"Android, iOS",195900,87094,321254.66,82740,36785,135685.26,113160,50309,185569.40,AppsFlyer,AppsFlyer,2023-02-22,false,,,1,AppsFlyer 2023-02-22,false,,,false,2023-02-19,2027-02-19,158,false,001TNHDSBABNGESAAO,Obsidian Systems,domain,0,,Prospect,Priya Okonkwo,APAC,2026-05-23,,false,0,,,,,
2026-09-14,APP-1036,Northwind Clip,clip.northwindsystems.app,Shopping,PUB-0015,Northwind Systems,northwindsystems.app,"Android, iOS",45284,14351,76012.09,17029,5397,28584.10,28255,8954,47427.99,Kochava,Kochava,2024-10-12,false,,,1,Kochava 2024-10-12,false,,,false,2024-10-12,2026-10-12,28,true,001ZI5XC7B3Z3NKAAO,Northwind Systems,domain,0,,Churned,Dara Nandakumar,LATAM,2025-09-08,0,true,0,,,,,
2026-09-14,APP-1037,Northwind Studio,studio.northwindsystems.app,Business,PUB-0015,Northwind Systems,northwindsystems.app,"Android, iOS",47955,15215,38023.56,19037,6040,15094.34,28918,9175,22929.22,Kochava,Kochava,2024-10-27,false,,,1,Kochava 2024-10-27,false,,,false,2024-10-12,2026-10-12,28,true,001ZI5XC7B3Z3NKAAO,Northwind Systems,domain,0,,Churned,Dara Nandakumar,LATAM,2025-09-08,,false,0,,,,,
2026-09-14,APP-1038,Kappa News,news.kappaapplications.co,Social,PUB-0016,Kappa Applications,kappaapplications.co,"Android, iOS",11968425,5233302,49751599.70,5249177,2295250,21820326.69,6719248,2938052,27931273.01,AppsFlyer,AppsFlyer,2022-08-13,false,,,1,AppsFlyer 2022-08-13,false,,,false,2022-08-13,2027-08-13,333,false,00184Q42832Q7OMAAO,Kappa Applications,domain,0,,Prospect,Zara Takahashi,APAC,2026-06-25,0,true,0,,,,,
2026-09-14,APP-1039,Kappa Vault,vault.kappaapplications.co,Productivity,PUB-0016,Kappa Applications,kappaapplications.co,"Android, iOS",1536368,666490,4749492.69,643383,279105,1988938.33,892985,387385,2760554.36,AppsFlyer,AppsFlyer,2022-08-17,false,,,1,AppsFlyer 2022-08-17,false,,,false,2022-08-13,2027-08-13,333,false,00184Q42832Q7OMAAO,Kappa Applications,domain,0,,Prospect,Zara Takahashi,APAC,2026-06-25,,false,0,,,,,
2026-09-14,APP-1040,Kappa Tutor,tutor.kappaapplications.co,Lifestyle,PUB-0016,Kappa Applications,kappaapplications.co,"Android, iOS",2803670,1202034,3686045.86,1314206,563447,1727815.49,1489464,638587,1958230.37,AppsFlyer,AppsFlyer,2022-09-06,false,,,1,AppsFlyer 2022-09-06,false,,,false,2022-08-13,2027-08-13,333,false,00184Q42832Q7OMAAO,Kappa Applications,domain,0,,Prospect,Zara Takahashi,APAC,2026-06-25,,false,0,,,,,
2026-09-14,APP-1041,Xenon Cam,cam.xenonstudios.com,Shopping,PUB-0017,Xenon Studios,xenonstudios.com,"Android, iOS",246885,96391,420218.53,103314,40337,175849.11,143571,56054,244369.42,Airbridge,Airbridge,2024-03-11,false,,,1,Airbridge 2024-03-11,false,,,false,2024-03-10,2027-03-10,177,false,001GOLKHA86PV74AAO,Xenon Studios,domain,0,,Prospect,Zara Takahashi,APAC,2025-12-21,,false,0,,,,,
2026-09-14,APP-1042,Xenon Go,go.xenonstudios.com,Entertainment,PUB-0017,Xenon Studios,xenonstudios.com,"Android, iOS",7261714,3089309,19909167.15,3301646,1404600,9051999.04,3960068,1684709,10857168.11,Airbridge,Airbridge,2024-03-29,false,,,1,Airbridge 2024-03-29,false,,,false,2024-03-10,2027-03-10,177,false,001GOLKHA86PV74AAO,Xenon Studios,domain,0,,Prospect,Zara Takahashi,APAC,2025-12-21,0,true,0,,,,,
2026-09-14,APP-1043,Xenon Tap,tap.xenonstudios.com,Utilities,PUB-0017,Xenon Studios,xenonstudios.com,"Android, iOS",1256991,443747,1491103.57,562725,198655,667531.70,694266,245092,823571.87,Airbridge,Airbridge,2024-03-16,false,,,1,Airbridge 2024-03-16,false,,,false,2024-03-10,2027-03-10,177,false,001GOLKHA86PV74AAO,Xenon Studios,domain,0,,Prospect,Zara Takahashi,APAC,2025-12-21,,false,0,,,,,
2026-09-14,APP-1044,Xenon Quest,quest.xenonstudios.com,Utilities,PUB-0017,Xenon Studios,xenonstudios.com,"Android, iOS",1542480,672829,3493788.70,660691,288193,1496494.81,881789,384636,1997293.89,Airbridge,Airbridge,2024-03-28,false,,,1,Airbridge 2024-03-28,false,,,false,2024-03-10,2027-03-10,177,false,001GOLKHA86PV74AAO,Xenon Studios,domain,0,,Prospect,Zara Takahashi,APAC,2025-12-21,,false,0,,,,,
2026-09-14,APP-1045,Xenon Wallet,wallet.xenonstudios.com,Education,PUB-0017,Xenon Studios,xenonstudios.com,"Android, iOS",2330902,1019062,7530761.13,857629,374952,2770858.39,1473273,644110,4759902.74,Airbridge,Airbridge,2024-03-10,false,,,1,Airbridge 2024-03-10,false,,,false,2024-03-10,2027-03-10,177,false,001GOLKHA86PV74AAO,Xenon Studios,domain,0,,Prospect,Zara Takahashi,APAC,2025-12-21,,false,0,,,,,
2026-09-14,APP-1046,Bramble Dating,dating.bramblelabs.com,Sports,PUB-0018,Bramble Labs,bramblelabs.com,"Android, iOS",1900579,593728,1771343.50,852230,266231,794280.31,1048349,327497,977063.19,Branch,Branch,2023-10-16,false,,,1,Branch 2023-10-16,false,,,false,2023-10-16,2026-10-16,32,true,00182F2S24BMI2QAAO,Bramble Labs,domain,0,,Prospect,Dara Nandakumar,LATAM,2026-04-20,,false,0,,,,,
2026-09-14,APP-1047,Bramble Credit,credit.bramblelabs.com,Productivity,PUB-0018,Bramble Labs,bramblelabs.com,"Android, iOS",2830249,1344112,5456254.19,1167988,554689,2251689.58,1662261,789423,3204564.61,Branch,Branch,2023-10-19,false,,,1,Branch 2023-10-19,false,,,false,2023-10-16,2026-10-16,32,true,00182F2S24BMI2QAAO,Bramble Labs,domain,0,,Prospect,Dara Nandakumar,LATAM,2026-04-20,0,true,0,,,,,
2026-09-14,APP-1048,Bramble Cards,cards.bramblelabs.com,Education,PUB-0018,Bramble Labs,bramblelabs.com,iOS,82597,32660,309585.08,82597,32660,309585.08,,,,Branch,Adjust,2026-07-24,false,Branch,2023-10-13,2,Branch 2023-10-13 → Adjust 2026-07-24,true,2026-07-24,52,true,2026-07-24,2027-07-24,313,false,00182F2S24BMI2QAAO,Bramble Labs,domain,0,,Prospect,Dara Nandakumar,LATAM,2026-04-20,,false,0,,,,,
2026-09-14,APP-1049,Jubilee Kids,kids.jubileeinteractive.com,Travel,PUB-0019,Jubilee Interactive,jubileeinteractive.com,"Android, iOS",1894533,829618,5380212.16,805634,352788,2287889.63,1088899,476830,3092322.53,AppsFlyer,AppsFlyer,2025-08-28,false,,,1,AppsFlyer 2025-08-28,false,,,false,2025-08-28,2027-08-28,348,false,,,unmatched,0,,,,,,,false,,,,,,
2026-09-14,APP-1050,Jubilee Charge,charge.jubileeinteractive.com,Food & Drink,PUB-0019,Jubilee Interactive,jubileeinteractive.com,"Android, iOS",10626669,4855229,34575898.45,4832035,2207713,15721948.02,5794634,2647516,18853950.43,AppsFlyer,AppsFlyer,2025-09-24,false,,,1,AppsFlyer 2025-09-24,false,,,false,2025-08-28,2027-08-28,348,false,,,unmatched,0,,,,,,,true,,,,,,
2026-09-14,APP-1051,Jubilee Puzzle,puzzle.jubileeinteractive.com,Food & Drink,PUB-0019,Jubilee Interactive,jubileeinteractive.com,"Android, iOS",296962,114317,950828.49,148238,57065,474636.87,148724,57252,476191.62,AppsFlyer,Kochava,2026-08-29,false,AppsFlyer,2025-09-30,2,AppsFlyer 2025-09-30 → Kochava 2026-08-29,true,2026-08-29,16,true,2026-08-29,2027-08-29,349,false,,,unmatched,0,,,,,,,false,,,,,,
2026-09-14,APP-1052,Yonder Sleep,sleep.yonderworks.games,Lifestyle,PUB-0020,Yonder Works,yonderworks.games,Android,1968616,609356,3970902.15,,,,1968616,609356,3970902.15,Adjust,Adjust,2023-07-28,false,,,1,Adjust 2023-07-28,false,,,false,2023-07-28,2027-07-28,317,false,001U5UH244T71P7AAO,Yonder Works,domain,0,,Customer,,APAC,2026-04-18,115000,true,115000,customer_without_singular_sdk,,,,
2026-09-14,APP-1053,Ember Credit,credit.emberstudios.co,Music,PUB-0021,Ember Studios,emberstudios.co,"Android, iOS",168175,49736,561513.93,64931,19203,216796.24,103244,30533,344717.69,Airbridge,Airbridge,2024-10-26,false,,,1,Airbridge 2024-10-26,false,,,false,2024-10-11,2026-10-11,27,true,001T0264A6N4IPMAAO,Ember Studios,domain,0,,Churned,Zara Takahashi,APAC,2026-02-18,,false,0,,,,,
2026-09-14,APP-1054,Ember Transit,transit.emberstudios.co,News,PUB-0021,Ember Studios,emberstudios.co,"Android, iOS",2346318,936521,8388923.55,1037407,414076,3709100.04,1308911,522445,4679823.51,Airbridge,Airbridge,2024-10-15,false,,,1,Airbridge 2024-10-15,false,,,false,2024-10-11,2026-10-11,27,true,001T0264A6N4IPMAAO,Ember Studios,domain,0,,Churned,Zara Takahashi,APAC,2026-02-18,,false,0,,,,,
2026-09-14,APP-1055,Ember Table,table.emberstudios.co,News,PUB-0021,Ember Studios,emberstudios.co,"Android, iOS",3584337,1101847,8443065.23,1575846,484425,3711975.04,2008491,617422,4731090.19,Airbridge,Airbridge,2024-10-25,false,,,1,Airbridge 2024-10-25,false,,,false,2024-10-11,2026-10-11,27,true,001T0264A6N4IPMAAO,Ember Studios,domain,0,,Churned,Zara Takahashi,APAC,2026-02-18,0,true,0,,,,,
2026-09-14,APP-1056,Ember Vault,vault.emberstudios.co,Lifestyle,PUB-0021,Ember Studios,emberstudios.co,"Android, iOS",269619,122437,845862.26,132429,60137,415462.86,137190,62300,430399.40,Airbridge,Airbridge,2024-10-11,false,,,1,Airbridge 2024-10-11,false,,,false,2024-10-11,2026-10-11,27,true,001T0264A6N4IPMAAO,Ember Studios,domain,0,,Churned,Zara Takahashi,APAC,2026-02-18,,false,0,,,,,
2026-09-14,APP-1057,Ember Ride,ride.emberstudios.co,News,PUB-0021,Ember Studios,emberstudios.co,"Android, iOS",1805448,740475,3814318.77,732874,300576,1548322.00,1072574,439899,2265996.77,Airbridge,Airbridge,2024-11-02,false,,,1,Airbridge 2024-11-02,false,,,false,2024-10-11,2026-10-11,27,true,001T0264A6N4IPMAAO,Ember Studios,domain,0,,Churned,Zara Takahashi,APAC,2026-02-18,,false,0,,,,,
2026-09-14,APP-1058,Cedar Deck,deck.cedarunion.io,Sports,PUB-0022,Cedar Union,cedarunion.io,"Android, iOS",100326,45496,363469.82,38577,17494,139761.92,61749,28002,223707.90,Adjust,Adjust,2022-12-18,false,,,1,Adjust 2022-12-18,false,,,false,2022-12-18,2026-12-18,95,false,,,unmatched,0,,,,,,,false,,,,,,
2026-09-14,APP-1059,Cedar Style,style.cedarunion.io,Health & Fitness,PUB-0022,Cedar Union,cedarunion.io,"Android, iOS",10375546,2921188,9056156.21,4306251,1212405,3758653.27,6069295,1708783,5297502.94,Adjust,Adjust,2022-12-22,false,,,1,Adjust 2022-12-22,false,,,false,2022-12-18,2026-12-18,95,false,,,unmatched,0,,,,,,,true,,,,,,
2026-09-14,APP-1060,Crimson Credit,credit.crimsonatelier.com,Education,PUB-0023,Crimson Atelier,crimsonatelier.com,"Android, iOS",69425,25237,68025.52,30558,11108,29942.41,38867,14129,38083.11,Adjust,Adjust,2024-02-01,false,,,1,Adjust 2024-02-01,false,,,false,2024-01-26,2027-01-26,134,false,,,unmatched,0,,,,,,,false,,,,,,
2026-09-14,APP-1061,Crimson Kids,kids.crimsonatelier.com,News,PUB-0023,Crimson Atelier,crimsonatelier.com,iOS,136014,53308,189266.78,136014,53308,189266.78,,,,Adjust,Branch,2026-01-08,false,Adjust,2024-01-17,2,Adjust 2024-01-17 → Branch 2026-01-08,true,2026-01-08,249,false,2026-01-08,2027-01-08,116,false,,,unmatched,0,,,,,,,false,,,,,,
2026-09-14,APP-1062,Crimson Mind,mind.crimsonatelier.com,Productivity,PUB-0023,Crimson Atelier,crimsonatelier.com,"Android, iOS",620431,286882,1216644.15,279145,129074,547393.30,341286,157808,669250.85,Adjust,Adjust,2024-01-26,false,,,1,Adjust 2024-01-26,false,,,false,2024-01-26,2027-01-26,134,false,,,unmatched,0,,,,,,,false,,,,,,
2026-09-14,APP-1063,Crimson Meet,meet.crimsonatelier.com,Music,PUB-0023,Crimson Atelier,crimsonatelier.com,"Android, iOS",9324678,2956316,25207193.68,3545090,1123943,9583361.56,5779588,1832373,15623832.12,Adjust,Adjust,2024-02-12,false,,,1,Adjust 2024-02-12,false,,,false,2024-01-26,2027-01-26,134,false,,,unmatched,0,,,,,,,true,,,,,,
2026-09-14,APP-1064,Nettle Sports,sports.nettlemobile.com,Utilities,PUB-0024,Nettle Mobile,nettlemobile.com,"Android, iOS",251279,77945,782411.83,109431,33945,340737.57,141848,44000,441674.26,Branch,Branch,2024-11-16,false,,,1,Branch 2024-11-16,false,,,false,2024-10-11,2026-10-11,27,true,001PVMKVI42GL9PAAO,Nettle Mobile,domain,0,,Prospect,Tobias Diallo,US,2026-03-24,,false,0,,,,,
2026-09-14,APP-1065,Nettle Stream,stream.nettlemobile.com,Photo & Video,PUB-0024,Nettle Mobile,nettlemobile.com,"Android, iOS",157659,54386,269514.28,61451,21198,105049.09,96208,33188,164465.19,Branch,Branch,2024-10-17,false,,,1,Branch 2024-10-17,false,,,false,2024-10-11,2026-10-11,27,true,001PVMKVI42GL9PAAO,Nettle Mobile,domain,0,,Prospect,Tobias Diallo,US,2026-03-24,,false,0,,,,,
2026-09-14,APP-1066,Nettle Health,health.nettlemobile.com,Productivity,PUB-0024,Nettle Mobile,nettlemobile.com,"Android, iOS",1513664,704688,2635887.80,605970,282110,1055233.86,907694,422578,1580653.94,Branch,Branch,2024-10-11,false,,,1,Branch 2024-10-11,false,,,false,2024-10-11,2026-10-11,27,true,001PVMKVI42GL9PAAO,Nettle Mobile,domain,0,,Prospect,Tobias Diallo,US,2026-03-24,,false,0,,,,,
2026-09-14,APP-1067,Nettle Sleep,sleep.nettlemobile.com,Lifestyle,PUB-0024,Nettle Mobile,nettlemobile.com,"Android, iOS",7630236,2361505,9148820.64,3127326,967886,3749733.06,4502910,1393619,5399087.58,Branch,Branch,2024-10-25,false,,,1,Branch 2024-10-25,false,,,false,2024-10-11,2026-10-11,27,true,001PVMKVI42GL9PAAO,Nettle Mobile,domain,0,,Prospect,Tobias Diallo,US,2026-03-24,0,true,0,,,,,
2026-09-14,APP-1068,Petrel Tracker,tracker.petrelventures.com,Food & Drink,PUB-0025,Petrel Ventures,petrelventures.com,"Android, iOS",48489,20589,60317.66,19725,8375,24537.03,28764,12214,35780.63,Adjust,Adjust,2024-03-14,false,,,1,Adjust 2024-03-14,false,,,false,2024-03-14,2027-03-14,181,false,001Z8N46PKNSH3BAAO,Petrel Ventures,domain,0,,Prospect,Rin Villalobos,US,2026-07-24,0,true,0,,,,,
2026-09-14,APP-1069,Pivot Plus,plus.pivotmedia.net,Music,PUB-0026,Pivot Media,pivotmedia.net,"Android, iOS",77955,32343,227628.71,37430,15529,109294.28,40525,16814,118334.43,AppsFlyer,AppsFlyer,2024-09-06,false,,,1,AppsFlyer 2024-09-06,false,,,false,2024-09-06,2027-09-06,357,false,001IXOXAXOJC9I9AAO,Pivot Media,domain,0,,Prospect,Tobias Diallo,US,2026-03-06,0,true,0,,,,,
2026-09-14,APP-1070,Hazel Vault,vault.hazeldynamics.com,Games,PUB-0027,Hazel Dynamics,hazeldynamics.com,"Android, iOS",2553002,1066396,6367239.48,1251488,522750,3121236.29,1301514,543646,3246003.19,Branch,Branch,2025-10-16,false,Singular,2023-02-27,2,Singular 2023-02-27 → Branch 2025-10-16,true,2025-10-16,333,false,2025-10-16,2026-10-16,32,true,001IZ67UTEZ4GE3AAO,Hazel Dynamics,domain,0,,Prospect,Anders Costa,EMEA,2025-11-04,0,true,0,prospect_on_singular_sdk,,,,
2026-09-14,APP-1071,Hazel Stay,stay.hazeldynamics.com,Business,PUB-0027,Hazel Dynamics,hazeldynamics.com,"Android, iOS",259392,114959,905803.74,94777,42004,330965.67,164615,72955,574838.07,Branch,Singular,2023-02-14,true,,,1,Singular 2023-02-14,false,,,false,2023-02-14,2027-02-14,153,false,001IZ67UTEZ4GE3AAO,Hazel Dynamics,domain,0,,Prospect,Anders Costa,EMEA,2025-11-04,,false,0,prospect_on_singular_sdk,,,,
2026-09-14,APP-1072,Hazel Arena,arena.hazelapps.ai,Health & Fitness,PUB-0028,Hazel Apps,hazelapps.ai,"Android, iOS",136388,50752,232234.92,49874,18559,84923.29,86514,32193,147311.63,AppsFlyer,AppsFlyer,2022-01-18,false,,,1,AppsFlyer 2022-01-18,false,,,false,2022-01-18,2027-01-18,126,false,,,unmatched,0,,,,,,,true,,,,,,
2026-09-14,APP-1073,Hinge Health,health.hingesolutions.com,Entertainment,PUB-0029,Hinge Solutions,hingesolutions.com,"Android, iOS",170221,73956,488046.80,65026,28252,186438.72,105195,45704,301608.08,Adjust,Adjust,2021-07-05,false,,,1,Adjust 2021-07-05,false,,,false,2021-07-05,2027-07-05,294,false,0018J5GPZJPQ0CJAAO,Hinge Solutions,domain,0,,Prospect,Dara Nandakumar,LATAM,2026-02-23,0,true,0,,,,,
2026-09-14,APP-1074,Fathom Cam,cam.fathomtechnologies.ai,Photo & Video,PUB-0030,Fathom Technologies,fathomtechnologies.ai,"Android, iOS",183601,61170,413097.41,76017,25326,171035.92,107584,35844,242061.49,AppsFlyer,AppsFlyer,2022-12-03,false,,,1,AppsFlyer 2022-12-03,false,,,false,2022-12-03,2026-12-03,80,true,00190225GQOIVI6AAO,Fathom Technologies,domain,0,,Customer,Anders Costa,EMEA,2025-12-15,,false,647000,customer_without_singular_sdk,,,,
2026-09-14,APP-1075,Fathom Vault,vault.fathomtechnologies.ai,Travel,PUB-0030,Fathom Technologies,fathomtechnologies.ai,"Android, iOS",122474,43831,515238.42,53449,19128,224858.05,69025,24703,290380.37,AppsFlyer,AppsFlyer,2022-12-29,false,,,1,AppsFlyer 2022-12-29,false,,,false,2022-12-03,2026-12-03,80,true,00190225GQOIVI6AAO,Fathom Technologies,domain,0,,Customer,Anders Costa,EMEA,2025-12-15,647000,true,647000,customer_without_singular_sdk,,,,
2026-09-14,APP-1076,Upland Cart,cart.uplanddynamics.io,Education,PUB-0031,Upland Dynamics,uplanddynamics.io,"Android, iOS",98781,36263,73207.39,47476,17428,35184.52,51305,18835,38022.87,Branch,Branch,2025-07-08,false,,,1,Branch 2025-07-08,false,,,false,2025-07-08,2027-07-08,297,false,001ELYUGV1YCUADAAO,Upland Dynamics,domain,0,,Prospect,Camila Haddad,EMEA,2026-03-20,,false,0,,,,,
2026-09-14,APP-1077,Upland Charge,charge.uplanddynamics.io,Entertainment,PUB-0031,Upland Dynamics,uplanddynamics.io,"Android, iOS",215214,72864,554300.04,77622,26280,199920.98,137592,46584,354379.06,Branch,Branch,2025-07-16,false,,,1,Branch 2025-07-16,false,,,false,2025-07-08,2027-07-08,297,false,001ELYUGV1YCUADAAO,Upland Dynamics,domain,0,,Prospect,Camila Haddad,EMEA,2026-03-20,,false,0,,,,,
2026-09-14,APP-1078,Upland Pay,pay.uplanddynamics.io,Sports,PUB-0031,Upland Dynamics,uplanddynamics.io,Android,7625633,2711015,22954003.66,,,,7625633,2711015,22954003.66,Branch,Branch,2025-08-12,false,,,1,Branch 2025-08-12,false,,,false,2025-07-08,2027-07-08,297,false,001ELYUGV1YCUADAAO,Upland Dynamics,domain,0,,Prospect,Camila Haddad,EMEA,2026-03-20,0,true,0,,,,,
2026-09-14,APP-1079,Upland Maps,maps.uplanddynamics.io,Food & Drink,PUB-0031,Upland Dynamics,uplanddynamics.io,"Android, iOS",2891230,1118456,11667853.52,1232907,476943,4975521.43,1658323,641513,6692332.09,Branch,AppsFlyer,2026-02-19,false,Branch,2025-08-09,2,Branch 2025-08-09 → AppsFlyer 2026-02-19,true,2026-02-19,207,false,2026-02-19,2027-02-19,158,false,001ELYUGV1YCUADAAO,Upland Dynamics,domain,0,,Prospect,Camila Haddad,EMEA,2026-03-20,,false,0,,,,,
2026-09-14,APP-1080,Upland Vault,vault.uplanddynamics.io,Photo & Video,PUB-0031,Upland Dynamics,uplanddynamics.io,"Android, iOS",2245964,805639,8790434.40,1061806,380875,4155780.22,1184158,424764,4634654.18,Branch,Branch,2025-08-15,false,,,1,Branch 2025-08-15,false,,,false,2025-07-08,2027-07-08,297,false,001ELYUGV1YCUADAAO,Upland Dynamics,domain,0,,Prospect,Camila Haddad,EMEA,2026-03-20,,false,0,,,,,
2026-09-14,APP-1081,Jubilee Freight,freight.jubileesystems.co,Music,PUB-0032,Jubilee Systems,jubileesystems.co,iOS,58872,27106,64150.63,58872,27106,64150.63,,,,Kochava,Airbridge,2021-09-30,false,,,1,Airbridge 2021-09-30,false,,,false,2021-09-30,2026-09-30,16,true,001FS951SS2DCX1AAO,Jubilee Systems,domain,0,,Prospect,Zara Takahashi,APAC,2026-08-28,,false,0,,,,,
2026-09-14,APP-1082,Jubilee Tap,tap.jubileesystems.co,Social,PUB-0032,Jubilee Systems,jubileesystems.co,"Android, iOS",1066090,404169,3088146.15,439914,166777,1274300.94,626176,237392,1813845.21,Kochava,Kochava,2026-01-12,false,Airbridge,2021-09-19,2,Airbridge 2021-09-19 → Kochava 2026-01-12,true,2026-01-12,245,false,2026-01-12,2027-01-12,120,false,001FS951SS2DCX1AAO,Jubilee Systems,domain,0,,Prospect,Zara Takahashi,APAC,2026-08-28,0,true,0,,,,,
2026-09-14,APP-1083,Jubilee Transit,transit.jubileesystems.co,Utilities,PUB-0032,Jubilee Systems,jubileesystems.co,"Android, iOS",275319,89204,199764.92,107038,34680,77664.27,168281,54524,122100.65,Kochava,Airbridge,2021-10-10,false,,,1,Airbridge 2021-10-10,false,,,false,2021-09-30,2026-09-30,16,true,001FS951SS2DCX1AAO,Jubilee Systems,domain,0,,Prospect,Zara Takahashi,APAC,2026-08-28,,false,0,,,,,
2026-09-14,APP-1084,Jubilee Stream,stream.jubileesystems.co,Weather,PUB-0032,Jubilee Systems,jubileesystems.co,"Android, iOS",53787,23499,65938.41,22672,9905,27793.79,31115,13594,38144.62,Kochava,Airbridge,2021-10-13,false,,,1,Airbridge 2021-10-13,false,,,false,2021-09-30,2026-09-30,16,true,001FS951SS2DCX1AAO,Jubilee Systems,domain,0,,Prospect,Zara Takahashi,APAC,2026-08-28,,false,0,,,,,
2026-09-14,APP-1085,Larkspur Studio,studio.larkspurcollective.com,Music,PUB-0033,Larkspur Collective,larkspurcollective.com,"Android, iOS",2772426,917832,3620916.58,1349581,446789,1762615.54,1422845,471043,1858301.04,AppsFlyer,AppsFlyer,2023-05-08,false,,,1,AppsFlyer 2023-05-08,false,,,false,2023-05-08,2027-05-08,236,false,,,unmatched,0,,,,,,,true,,,001HOXAX4IQ7VBFAAO,Larkspur Collective Holdings,Prospect,Tobias Diallo
2026-09-14,APP-1086,Verdant Tutor,tutor.verdantventures.com,News,PUB-0034,Verdant Ventures,verdantventures.com,"Android, iOS",11119671,3240498,26475007.93,4045814,1179032,9632746.72,7073857,2061466,16842261.21,AppsFlyer,AppsFlyer,2022-05-31,false,Airbridge,2022-04-29,2,Airbridge 2022-04-29 → AppsFlyer 2022-05-31,true,2022-05-31,1567,false,2022-05-20,2027-05-20,248,false,001XGU6QNE8GXD9AAO,Verdant Ventures,domain,0,,Customer,Dara Nandakumar,LATAM,2025-07-21,540000,true,540000,customer_without_singular_sdk,,,,
2026-09-14,APP-1087,Verdant Transit,transit.verdantventures.com,Sports,PUB-0034,Verdant Ventures,verdantventures.com,"Android, iOS",152347,55118,549826.96,63029,22804,227476.50,89318,32314,322350.46,AppsFlyer,AppsFlyer,2022-05-20,false,,,1,AppsFlyer 2022-05-20,false,,,false,2022-05-20,2027-05-20,248,false,001XGU6QNE8GXD9AAO,Verdant Ventures,domain,0,,Customer,Dara Nandakumar,LATAM,2025-07-21,,false,540000,customer_without_singular_sdk,,,,
2026-09-14,APP-1088,Kappa Sleep,sleep.kappaunion.io,Social,PUB-0035,Kappa Union,kappaunion.io,"Android, iOS",230870,97605,184783.52,83829,35440,67095.00,147041,62165,117688.52,Branch,Branch,2024-01-12,false,,,1,Branch 2024-01-12,false,,,false,2024-01-12,2027-01-12,120,false,001NRACRSXD1RA8AAO,Kappa Union,domain,0,,Prospect,Dara Nandakumar,LATAM,2026-04-09,0,true,0,,,,,
2026-09-14,APP-1089,Nova Sleep,sleep.novaholdings.com,Photo & Video,PUB-0036,Nova Holdings,novaholdings.com,"Android, iOS",1122091,353270,1210737.41,514306,161920,554937.30,607785,191350,655800.11,AppsFlyer,AppsFlyer,2022-04-08,false,,,1,AppsFlyer 2022-04-08,false,,,false,2022-04-08,2027-04-08,206,false,,,unmatched,0,,,,,,,true,,,,,,
2026-09-14,APP-1090,Thistle Stay,stay.thistlesystems.io,Shopping,PUB-0037,Thistle Systems,thistlesystems.io,Android,149921,68643,295767.24,,,,149921,68643,295767.24,Adjust,Adjust,2025-06-16,false,,,1,Adjust 2025-06-16,false,,,false,2025-06-16,2027-06-16,275,false,001LQCFHJL2RWJOAAO,Thistle Systems,domain,0,,Customer,Anders Costa,EMEA,2026-02-08,793000,true,793000,customer_without_singular_sdk,,,,
2026-09-14,APP-1091,Nettle Mind,mind.nettlemedia.io,Lifestyle,PUB-0038,Nettle Media,nettlemedia.io,"Android, iOS",145601,54615,333343.81,51226,19215,117278.68,94375,35400,216065.13,AppsFlyer,AppsFlyer,2023-10-01,false,,,1,AppsFlyer 2023-10-01,false,,,false,2023-10-01,2026-10-01,17,true,,,unmatched,0,,,,,,,true,,,,,,
2026-09-14,APP-1092,Iris Home,home.irisinnovations.app,Travel,PUB-0039,Iris Innovations,irisinnovations.app,iOS,46158,13549,120598.81,46158,13549,120598.81,,,,Kochava,AppsFlyer,2025-11-13,false,Kochava,2022-08-02,2,Kochava 2022-08-02 → AppsFlyer 2025-11-13,true,2025-11-13,305,false,2025-11-13,2026-11-13,60,true,001Y2HA7EEX91ZGAAO,Iris Innovations,domain,0,,Prospect,Dara Nandakumar,LATAM,2026-02-26,,false,0,,,,,
2026-09-14,APP-1093,Iris Style,style.irisinnovations.app,Shopping,PUB-0039,Iris Innovations,irisinnovations.app,"Android, iOS",1343931,438941,5617168.24,491467,160518,2054162.82,852464,278423,3563005.42,Kochava,Kochava,2022-07-28,false,,,1,Kochava 2022-07-28,false,,,false,2022-07-22,2027-07-22,311,false,001Y2HA7EEX91ZGAAO,Iris Innovations,domain,0,,Prospect,Dara Nandakumar,LATAM,2026-02-26,0,true,0,,,,,
2026-09-14,APP-1094,Iris Vault,vault.irisinnovations.app,Food & Drink,PUB-0039,Iris Innovations,irisinnovations.app,"Android, iOS",266526,126892,353409.22,98406,46851,130484.73,168120,80041,222924.49,Kochava,Kochava,2022-08-20,false,,,1,Kochava 2022-08-20,false,,,false,2022-07-22,2027-07-22,311,false,001Y2HA7EEX91ZGAAO,Iris Innovations,domain,0,,Prospect,Dara Nandakumar,LATAM,2026-02-26,,false,0,,,,,
2026-09-14,APP-1095,Iris Shop,shop.irisinnovations.app,Health & Fitness,PUB-0039,Iris Innovations,irisinnovations.app,"Android, iOS",1300631,590653,1188662.27,557794,253310,509774.26,742837,337343,678888.01,Kochava,Kochava,2022-07-22,false,,,1,Kochava 2022-07-22,false,,,false,2022-07-22,2027-07-22,311,false,001Y2HA7EEX91ZGAAO,Iris Innovations,domain,0,,Prospect,Dara Nandakumar,LATAM,2026-02-26,,false,0,,,,,
2026-09-14,APP-1096,Iris Pulse,pulse.irisinnovations.app,Productivity,PUB-0039,Iris Innovations,irisinnovations.app,"Android, iOS",135969,58941,100027.92,61707,26749,45395.80,74262,32192,54632.12,Kochava,Kochava,2022-09-01,false,,,1,Kochava 2022-09-01,false,,,false,2022-07-22,2027-07-22,311,false,001Y2HA7EEX91ZGAAO,Iris Innovations,domain,0,,Prospect,Dara Nandakumar,LATAM,2026-02-26,,false,0,,,,,
2026-09-14,APP-1097,Pallas Kids,kids.pallasstudios.com,Finance,PUB-0040,Pallas Studios,pallasstudios.com,"Android, iOS",125015,42012,319616.28,46436,15605,118719.50,78579,26407,200896.78,Tenjin,Adjust,2026-05-10,false,Tenjin,2024-03-08,2,Tenjin 2024-03-08 → Adjust 2026-05-10,true,2026-05-10,127,false,2026-05-10,2027-05-10,238,false,001H6LGR5J4V6C2AAO,Pallas Studios,domain,0,,Prospect,Anders Costa,EMEA,2025-08-05,,false,0,,,,,
2026-09-14,APP-1098,Pallas Quest,quest.pallasstudios.com,Shopping,PUB-0040,Pallas Studios,pallasstudios.com,"Android, iOS",89214,31187,66035.46,35488,12406,26268.00,53726,18781,39767.46,Tenjin,Tenjin,2024-02-24,false,,,1,Tenjin 2024-02-24,false,,,false,2024-02-12,2027-02-12,151,false,001H6LGR5J4V6C2AAO,Pallas Studios,domain,0,,Prospect,Anders Costa,EMEA,2025-08-05,,false,0,,,,,
2026-09-14,APP-1099,Pallas Stay,stay.pallasstudios.com,Photo & Video,PUB-0040,Pallas Studios,pallasstudios.com,"Android, iOS",2578534,1128615,9994562.85,1228200,537579,4760582.90,1350334,591036,5233979.95,Tenjin,Tenjin,2024-02-12,false,,,1,Tenjin 2024-02-12,false,,,false,2024-02-12,2027-02-12,151,false,001H6LGR5J4V6C2AAO,Pallas Studios,domain,0,,Prospect,Anders Costa,EMEA,2025-08-05,0,true,0,,,,,
2026-09-14,APP-1100,Lyre Chef,chef.lyreapplications.com,Business,PUB-0041,Lyre Applications,lyreapplications.com,"Android, iOS",230744,69875,934515.02,84623,25626,342724.10,146121,44249,591790.92,AppsFlyer,AppsFlyer,2021-11-24,false,,,1,AppsFlyer 2021-11-24,false,,,false,2021-11-24,2026-11-24,71,true,001SA8N10OA7MRIAAO,Lyre Applications,domain,0,,Customer,Camila Haddad,EMEA,2026-05-17,176000,true,176000,customer_without_singular_sdk,,,,
2026-09-14,APP-1101,Willow Eats,eats.willowtechnologies.com,Lifestyle,PUB-0042,Willow Technologies,willowtechnologies.com,"Android, iOS",1131060,370621,1090476.03,408391,133820,393737.47,722669,236801,696738.56,AppsFlyer,AppsFlyer,2024-09-06,false,,,1,AppsFlyer 2024-09-06,false,,,false,2024-09-06,2027-09-06,357,false,001TV3UENYXTNI5AAO,Willow Technologies,domain,0,,Prospect,Rin Villalobos,US,2025-09-04,0,true,0,,,,,
2026-09-14,APP-1102,Zinc Quest,quest.zinchouse.io,Weather,PUB-0043,Zinc House,zinchouse.io,"Android, iOS",6188674,2845834,26920830.36,2772423,1274886,12060082.99,3416251,1570948,14860747.37,Branch,Branch,2024-09-26,false,,,1,Branch 2024-09-26,false,,,false,2024-09-26,2026-09-26,12,true,,,unmatched,0,,,,,,,true,,,,,,
2026-09-14,APP-1103,Zinc Go,go.zinchouse.io,Food & Drink,PUB-0043,Zinc House,zinchouse.io,"Android, iOS",862610,295653,3723851.15,419138,143656,1809403.01,443472,151997,1914448.14,Branch,AppsFlyer,2026-06-29,false,Branch,2024-09-22,2,Branch 2024-09-22 → AppsFlyer 2026-06-29,true,2026-06-29,77,true,2026-06-29,2027-06-29,288,false,,,unmatched,0,,,,,,,false,,,,,,
2026-09-14,APP-1104,Dovetail Eats,eats.dovetailgroup.com,Photo & Video,PUB-0044,Dovetail Group,dovetailgroup.com,"Android, iOS",2687810,1100021,9050667.97,1333411,545716,4489998.08,1354399,554305,4560669.89,Kochava,Kochava,2025-06-24,false,,,1,Kochava 2025-06-24,false,,,false,2025-06-12,2027-06-12,271,false,001NEZRCUR2H9H1AAO,Dovetail Group,domain,0,,Customer,,APAC,2026-05-29,33000,true,33000,customer_without_singular_sdk,,,,
2026-09-14,APP-1105,Dovetail Arena,arena.dovetailgroup.com,Travel,PUB-0044,Dovetail Group,dovetailgroup.com,"Android, iOS",237008,100191,950381.67,105531,44611,423170.37,131477,55580,527211.30,Kochava,Kochava,2025-07-14,false,,,1,Kochava 2025-07-14,false,,,false,2025-06-12,2027-06-12,271,false,001NEZRCUR2H9H1AAO,Dovetail Group,domain,0,,Customer,,APAC,2026-05-29,,false,33000,customer_without_singular_sdk,,,,
2026-09-14,APP-1106,Dovetail Cards,cards.dovetailgroup.com,Food & Drink,PUB-0044,Dovetail Group,dovetailgroup.com,"Android, iOS",6108005,2083292,7745152.06,2843114,969717,3605161.87,3264891,1113575,4139990.19,Kochava,Kochava,2025-06-12,false,,,1,Kochava 2025-06-12,false,,,false,2025-06-12,2027-06-12,271,false,001NEZRCUR2H9H1AAO,Dovetail Group,domain,0,,Customer,,APAC,2026-05-29,,false,33000,customer_without_singular_sdk,,,,
2026-09-14,APP-1107,Dovetail Pay,pay.dovetailgroup.com,News,PUB-0044,Dovetail Group,dovetailgroup.com,"Android, iOS",122396,35421,178566.11,51110,14791,74565.70,71286,20630,104000.41,Kochava,Kochava,2025-06-29,false,,,1,Kochava 2025-06-29,false,,,false,2025-06-12,2027-06-12,271,false,001NEZRCUR2H9H1AAO,Dovetail Group,domain,0,,Customer,,APAC,2026-05-29,,false,33000,customer_without_singular_sdk,,,,
2026-09-14,APP-1108,Bramble Notes,notes.bramblecompany.app,Social,PUB-0045,Bramble Company,bramblecompany.app,"Android, iOS",2411925,980321,9195533.49,1056517,429419,4028000.02,1355408,550902,5167533.47,Singular,Singular,2026-03-28,true,AppsFlyer,2023-05-18,2,AppsFlyer 2023-05-18 → Singular 2026-03-28,true,2026-03-28,170,false,2026-03-28,2027-03-28,195,false,001K29BS3CSFSJGAAO,Bramble Company,domain,0,,Customer,Priya Okonkwo,APAC,2026-05-07,43000,true,43000,,,,,
2026-09-14,APP-1109,Bramble Meet,meet.bramblecompany.app,Food & Drink,PUB-0045,Bramble Company,bramblecompany.app,"Android, iOS",1164064,414316,781229.39,516566,183857,346679.19,647498,230459,434550.20,Singular,AppsFlyer,2023-05-26,false,,,1,AppsFlyer 2023-05-26,false,,,false,2023-05-26,2027-05-26,254,false,001K29BS3CSFSJGAAO,Bramble Company,domain,0,,Customer,Priya Okonkwo,APAC,2026-05-07,,false,43000,,,,,
2026-09-14,APP-1110,Bramble Plus,plus.bramblecompany.app,Weather,PUB-0045,Bramble Company,bramblecompany.app,"Android, iOS",135528,60975,102946.51,67424,30335,51215.01,68104,30640,51731.50,Singular,AppsFlyer,2023-05-30,false,,,1,AppsFlyer 2023-05-30,false,,,false,2023-05-26,2027-05-26,254,false,001K29BS3CSFSJGAAO,Bramble Company,domain,0,,Customer,Priya Okonkwo,APAC,2026-05-07,,false,43000,,,,,
2026-09-14,APP-1111,Elm Tutor,tutor.elmsolutions.dev,Food & Drink,PUB-0046,Elm Solutions,elmsolutions.dev,"Android, iOS",180745,74479,365011.12,76310,31445,154107.45,104435,43034,210903.67,AppsFlyer,Adjust,2026-02-13,false,AppsFlyer,2024-03-29,2,AppsFlyer 2024-03-29 → Adjust 2026-02-13,true,2026-02-13,213,false,2026-02-13,2027-02-13,152,false,0015I63KZC4Q5TPAAO,Elm Solutions,domain,0,,Prospect,Zara Takahashi,APAC,2026-05-29,,false,0,,,,,
2026-09-14,APP-1112,Elm Table,table.elmsolutions.dev,Business,PUB-0046,Elm Solutions,elmsolutions.dev,"Android, iOS",55969,17516,184370.09,21230,6644,69933.95,34739,10872,114436.14,AppsFlyer,AppsFlyer,2024-03-03,false,,,1,AppsFlyer 2024-03-03,false,,,false,2024-03-03,2027-03-03,170,false,0015I63KZC4Q5TPAAO,Elm Solutions,domain,0,,Prospect,Zara Takahashi,APAC,2026-05-29,,false,0,,,,,
2026-09-14,APP-1113,Elm Transit,transit.elmsolutions.dev,Shopping,PUB-0046,Elm Solutions,elmsolutions.dev,"Android, iOS",9199517,3410370,5710115.95,4420099,1638583,2743543.52,4779418,1771787,2966572.43,AppsFlyer,AppsFlyer,2024-04-01,false,,,1,AppsFlyer 2024-04-01,false,,,false,2024-03-03,2027-03-03,170,false,0015I63KZC4Q5TPAAO,Elm Solutions,domain,0,,Prospect,Zara Takahashi,APAC,2026-05-29,0,true,0,,,,,
2026-09-14,APP-1114,Alder Freight,freight.alderdigital.net,Utilities,PUB-0047,Alder Digital,alderdigital.net,"Android, iOS",253289,79802,1138410.50,117628,37060,528681.04,135661,42742,609729.46,Adjust,Adjust,2021-05-16,false,,,1,Adjust 2021-05-16,false,,,false,2021-05-16,2027-05-16,244,false,001T53BMZRH02U8AAO,Alder Digital,domain,0,,Prospect,Viktor Costa,EMEA,2025-12-06,0,true,0,,,,,
2026-09-14,APP-1115,Solstice Wallet,wallet.solsticecollective.co,Social,PUB-0048,Solstice Collective,solsticecollective.co,"Android, iOS",173506,61028,317628.10,71984,25319,131776.91,101522,35709,185851.19,Airbridge,Airbridge,2022-11-22,false,,,1,Airbridge 2022-11-22,false,,,false,2022-11-22,2026-11-22,69,true,001K079WUDQ5SG3AAO,Solstice Collective,domain,0,,Prospect,Dara Nandakumar,LATAM,2025-10-16,0,true,0,,,,,
2026-09-14,APP-1116,Kiln Shop,shop.kilnnetworks.com,Games,PUB-0049,Kiln Networks,kilnnetworks.com,"Android, iOS",83402,29192,372590.47,36813,12885,164458.76,46589,16307,208131.71,Adjust,Adjust,2021-04-10,false,,,1,Adjust 2021-04-10,false,,,false,2021-04-10,2027-04-10,208,false,,,unmatched,0,,,,,,,true,,,001WCMMGEPNU1MSAAO,Kiln Networks Holdings,Prospect,Dara Nandakumar
2026-09-14,APP-1117,Kiln Plus,plus.kilnnetworks.com,Food & Drink,PUB-0049,Kiln Networks,kilnnetworks.com,"Android, iOS",82431,28873,121650.72,31112,10897,45914.26,51319,17976,75736.46,Adjust,Kochava,2026-08-30,false,Adjust,2021-04-12,2,Adjust 2021-04-12 → Kochava 2026-08-30,true,2026-08-30,15,true,2026-08-30,2027-08-30,350,false,,,unmatched,0,,,,,,,false,,,001WCMMGEPNU1MSAAO,Kiln Networks Holdings,Prospect,Dara Nandakumar
2026-09-14,APP-1118,Fable Scan,scan.fableguild.games,Weather,PUB-0050,Fable Guild,fableguild.games,"Android, iOS",11984575,5400938,17573887.39,5491101,2474605,8052015.85,6493474,2926333,9521871.54,AppsFlyer,AppsFlyer,2024-05-20,false,,,1,AppsFlyer 2024-05-20,false,,,false,2024-05-20,2027-05-20,248,false,0017JC775DYYNTEAAO,Fable Guild,domain,0,,Prospect,Priya Okonkwo,APAC,2026-03-11,0,true,0,,,,,
2026-09-14,APP-1119,Lumen News,news.lumenfoundry.games,Health & Fitness,PUB-0051,Lumen Foundry,lumenfoundry.games,"Android, iOS",287681,119658,941502.90,110099,45795,360325.42,177582,73863,581177.48,Tenjin,Tenjin,2021-03-23,false,,,1,Tenjin 2021-03-23,false,,,false,2021-03-13,2027-03-13,180,false,,,unmatched,0,,,,,,,false,,,,,,
2026-09-14,APP-1120,Lumen Sleep,sleep.lumenfoundry.games,Productivity,PUB-0051,Lumen Foundry,lumenfoundry.games,iOS,289566,82993,1005282.85,289566,82993,1005282.85,,,,Tenjin,Tenjin,2021-03-16,false,,,1,Tenjin 2021-03-16,false,,,false,2021-03-13,2027-03-13,180,false,,,unmatched,0,,,,,,,true,,,,,,
2026-09-14,APP-1121,Lumen Dating,dating.lumenfoundry.games,Education,PUB-0051,Lumen Foundry,lumenfoundry.games,iOS,6419,2686,11228.87,6419,2686,11228.87,,,,Tenjin,Tenjin,2021-03-13,false,,,1,Tenjin 2021-03-13,false,,,false,2021-03-13,2027-03-13,180,false,,,unmatched,0,,,,,,,false,,,,,,
2026-09-14,APP-1122,Ember Cam,cam.emberhouse.io,Health & Fitness,PUB-0052,Ember House,emberhouse.io,"Android, iOS",1343329,430004,4868346.71,632507,202468,2292262.88,710822,227536,2576083.83,Adjust,Adjust,2023-10-17,false,,,1,Adjust 2023-10-17,false,,,false,2023-10-17,2026-10-17,33,true,001YOZBBWL5B23TAAO,Ember House,domain,0,,Prospect,Priya Okonkwo,APAC,2025-11-25,,false,0,,,,,
2026-09-14,APP-1123,Ember Studio,studio.emberhouse.io,Photo & Video,PUB-0052,Ember House,emberhouse.io,iOS,283128,94671,1058983.93,283128,94671,1058983.93,,,,Adjust,Adjust,2023-10-26,false,,,1,Adjust 2023-10-26,false,,,false,2023-10-17,2026-10-17,33,true,001YOZBBWL5B23TAAO,Ember House,domain,0,,Prospect,Priya Okonkwo,APAC,2025-11-25,,false,0,,,,,
2026-09-14,APP-1124,Ember Lite,lite.emberhouse.io,News,PUB-0052,Ember House,emberhouse.io,"Android, iOS",2069971,855695,6448951.11,820854,339329,2557354.22,1249117,516366,3891596.89,Adjust,Adjust,2023-10-19,false,,,1,Adjust 2023-10-19,false,,,false,2023-10-17,2026-10-17,33,true,001YOZBBWL5B23TAAO,Ember House,domain,0,,Prospect,Priya Okonkwo,APAC,2025-11-25,0,true,0,,,,,
2026-09-14,APP-1125,Crimson Meet,meet.crimsonmedia.com,Health & Fitness,PUB-0053,Crimson Media,crimsonmedia.com,"Android, iOS",160585,52097,295381.37,58436,18958,107488.48,102149,33139,187892.89,AppsFlyer,AppsFlyer,2021-04-25,false,,,1,AppsFlyer 2021-04-25,false,,,false,2021-04-25,2027-04-25,223,false,001C542R6WBD785AAO,Crimson Media,domain,0,,Customer,Camila Haddad,EMEA,2026-02-13,,false,436000,customer_without_singular_sdk,,,,
2026-09-14,APP-1126,Crimson Chef,chef.crimsonmedia.com,Lifestyle,PUB-0053,Crimson Media,crimsonmedia.com,"Android, iOS",139111,39106,93997.14,53794,15122,36348.44,85317,23984,57648.70,AppsFlyer,Branch,2026-01-23,false,AppsFlyer,2021-05-31,2,AppsFlyer 2021-05-31 → Branch 2026-01-23,true,2026-01-23,234,false,2026-01-23,2027-01-23,131,false,001C542R6WBD785AAO,Crimson Media,domain,0,,Customer,Camila Haddad,EMEA,2026-02-13,,false,436000,customer_without_singular_sdk,,,,
2026-09-14,APP-1127,Crimson Puzzle,puzzle.crimsonmedia.com,Photo & Video,PUB-0053,Crimson Media,crimsonmedia.com,"Android, iOS",337057,99786,508590.42,125880,37267,189941.84,211177,62519,318648.58,AppsFlyer,AppsFlyer,2021-05-07,false,,,1,AppsFlyer 2021-05-07,false,,,false,2021-04-25,2027-04-25,223,false,001C542R6WBD785AAO,Crimson Media,domain,0,,Customer,Camila Haddad,EMEA,2026-02-13,436000,true,436000,customer_without_singular_sdk,,,,
2026-09-14,APP-1128,Crimson Cam,cam.crimsonmedia.com,Education,PUB-0053,Crimson Media,crimsonmedia.com,"Android, iOS",31375,10804,38467.49,13066,4499,16019.78,18309,6305,22447.71,AppsFlyer,AppsFlyer,2021-04-29,false,,,1,AppsFlyer 2021-04-29,false,,,false,2021-04-25,2027-04-25,223,false,001C542R6WBD785AAO,Crimson Media,domain,0,,Customer,Camila Haddad,EMEA,2026-02-13,,false,436000,customer_without_singular_sdk,,,,
2026-09-14,APP-1129,Marble Style,style.marbleinteractive.io,Food & Drink,PUB-0054,Marble Interactive,marbleinteractive.io,"Android, iOS",204373,62199,567435.30,80371,24460,223149.22,124002,37739,344286.08,Kochava,Kochava,2024-11-20,false,,,1,Kochava 2024-11-20,false,,,false,2024-11-20,2026-11-20,67,true,0013LP8JIC8787TAAO,Marble Interactive,domain,0,,Prospect,Anders Costa,EMEA,2025-11-02,,false,0,,,,,
2026-09-14,APP-1130,Marble Tap,tap.marbleinteractive.io,Lifestyle,PUB-0054,Marble Interactive,marbleinteractive.io,Android,1158063,554298,4814211.53,,,,1158063,554298,4814211.53,Kochava,Kochava,2024-12-06,false,,,1,Kochava 2024-12-06,false,,,false,2024-11-20,2026-11-20,67,true,0013LP8JIC8787TAAO,Marble Interactive,domain,0,,Prospect,Anders Costa,EMEA,2025-11-02,,false,0,,,,,
2026-09-14,APP-1131,Marble Eats,eats.marbleinteractive.io,Education,PUB-0054,Marble Interactive,marbleinteractive.io,"Android, iOS",5930485,1939262,8379776.67,2660567,870002,3759382.09,3269918,1069260,4620394.58,Kochava,Kochava,2024-11-24,false,,,1,Kochava 2024-11-24,false,,,false,2024-11-20,2026-11-20,67,true,0013LP8JIC8787TAAO,Marble Interactive,domain,0,,Prospect,Anders Costa,EMEA,2025-11-02,,false,0,,,,,
2026-09-14,APP-1132,Marble Daily,daily.marbleinteractive.io,Utilities,PUB-0054,Marble Interactive,marbleinteractive.io,"Android, iOS",282189,123671,364904.28,105496,46234,136418.67,176693,77437,228485.61,Kochava,Kochava,2024-12-20,false,,,1,Kochava 2024-12-20,false,,,false,2024-11-20,2026-11-20,67,true,0013LP8JIC8787TAAO,Marble Interactive,domain,0,,Prospect,Anders Costa,EMEA,2025-11-02,,false,0,,,,,
2026-09-14,APP-1133,Marble Shop,shop.marbleinteractive.io,Health & Fitness,PUB-0054,Marble Interactive,marbleinteractive.io,"Android, iOS",4077727,1256003,16216908.57,1637500,504375,6512253.36,2440227,751628,9704655.21,Kochava,Adjust,2026-07-14,false,Kochava,2024-12-16,2,Kochava 2024-12-16 → Adjust 2026-07-14,true,2026-07-14,62,true,2026-07-14,2027-07-14,303,false,0013LP8JIC8787TAAO,Marble Interactive,domain,0,,Prospect,Anders Costa,EMEA,2025-11-02,0,true,0,,,,,
2026-09-14,APP-1134,Larkspur Stream,stream.larkspurdigital.ai,Business,PUB-0055,Larkspur Digital,larkspurdigital.ai,"Android, iOS",294173,129566,1118455.52,141420,62287,537684.46,152753,67279,580771.06,AppsFlyer,AppsFlyer,2025-02-14,false,,,1,AppsFlyer 2025-02-14,false,,,false,2025-02-07,2027-02-07,146,false,001O23MUO0XRZ4OAAO,Larkspur Digital,domain,0,,Prospect,Priya Okonkwo,APAC,2026-05-26,0,true,0,,,,,
2026-09-14,APP-1135,Larkspur Fit,fit.larkspurdigital.ai,Lifestyle,PUB-0055,Larkspur Digital,larkspurdigital.ai,"Android, iOS",286196,116516,960866.90,102082,41559,342727.44,184114,74957,618139.46,AppsFlyer,AppsFlyer,2025-02-07,false,,,1,AppsFlyer 2025-02-07,false,,,false,2025-02-07,2027-02-07,146,false,001O23MUO0XRZ4OAAO,Larkspur Digital,domain,0,,Prospect,Priya Okonkwo,APAC,2026-05-26,,false,0,,,,,
2026-09-14,APP-1136,Dune Health,health.dunecompany.net,Sports,PUB-0056,Dune Company,dunecompany.net,"Android, iOS",242002,109363,747146.96,92564,41831,285778.85,149438,67532,461368.11,AppsFlyer,AppsFlyer,2021-06-26,false,,,1,AppsFlyer 2021-06-26,false,,,false,2021-06-18,2027-06-18,277,false,001Q83EEPDB2XEAAAO,Dune Company,domain,0,,Prospect,Tobias Diallo,US,2025-07-25,0,true,0,,,,,
2026-09-14,APP-1137,Dune Radio,radio.dunecompany.net,Social,PUB-0056,Dune Company,dunecompany.net,Android,95827,36681,149418.69,,,,95827,36681,149418.69,AppsFlyer,AppsFlyer,2021-06-18,false,,,1,AppsFlyer 2021-06-18,false,,,false,2021-06-18,2027-06-18,277,false,001Q83EEPDB2XEAAAO,Dune Company,domain,0,,Prospect,Tobias Diallo,US,2025-07-25,,false,0,,,,,
2026-09-14,APP-1138,Nova Radio,radio.novasystems.games,Finance,PUB-0057,Nova Systems,novasystems.games,"Android, iOS",93606,40324,178303.62,45255,19495,86202.93,48351,20829,92100.69,Branch,Branch,2024-03-17,false,,,1,Branch 2024-03-17,false,,,false,2024-03-17,2027-03-17,184,false,001E9QEIYHT6R7PAAO,Nova Systems,domain,0,,Prospect,Zara Takahashi,APAC,2025-10-16,0,true,0,,,,,
2026-09-14,APP-1139,Delta Home,home.deltagroup.com,Education,PUB-0058,Delta Group,deltagroup.com,"Android, iOS",29431,13435,63586.99,12353,5639,26689.22,17078,7796,36897.77,Kochava,Kochava,2021-05-05,false,,,1,Kochava 2021-05-05,false,,,false,2021-05-05,2027-05-05,233,false,001JDY52U895OMAAAO,Delta Group,domain,0,,Prospect,Rin Villalobos,US,2026-05-09,0,true,0,,,,,
2026-09-14,APP-1140,Orbit Fit,fit.orbitstudios.com,Photo & Video,PUB-0059,Orbit Studios,orbitstudios.com,"Android, iOS",244751,113058,388774.17,99735,46071,158423.70,145016,66987,230350.47,Adjust,Adjust,2023-08-17,false,,,1,Adjust 2023-08-17,false,,,false,2023-08-17,2027-08-17,337,false,,,unmatched,0,,,,,,,true,,,,,,
2026-09-14,APP-1141,Lumen Keys,keys.lumenholdings.com,Lifestyle,PUB-0060,Lumen Holdings,lumenholdings.com,"Android, iOS",263108,94534,230988.08,104224,37447,91500.56,158884,57087,139487.52,Branch,Branch,2021-06-02,false,,,1,Branch 2021-06-02,false,,,false,2021-06-02,2027-06-02,261,false,001N9X7AJFVYHSNAAO,Lumen Holdings,domain,0,,Prospect,Dara Nandakumar,LATAM,2025-12-25,,false,0,,,,,
2026-09-14,APP-1142,Lumen Weather,weather.lumenholdings.com,Finance,PUB-0060,Lumen Holdings,lumenholdings.com,"Android, iOS",2896831,1180923,10450021.61,1266577,516333,4569047.30,1630254,664590,5880974.31,Branch,Branch,2021-06-04,false,,,1,Branch 2021-06-04,false,,,false,2021-06-02,2027-06-02,261,false,001N9X7AJFVYHSNAAO,Lumen Holdings,domain,0,,Prospect,Dara Nandakumar,LATAM,2025-12-25,0,true,0,,,,,
2026-09-14,APP-1143,Lumen Tap,tap.lumenholdings.com,Games,PUB-0060,Lumen Holdings,lumenholdings.com,"Android, iOS",929631,335560,1426058.49,406609,146770,623740.72,523022,188790,802317.77,Branch,Branch,2021-06-13,false,,,1,Branch 2021-06-13,false,,,false,2021-06-02,2027-06-02,261,false,001N9X7AJFVYHSNAAO,Lumen Holdings,domain,0,,Prospect,Dara Nandakumar,LATAM,2025-12-25,,false,0,,,,,
2026-09-14,APP-1144,Lumen News,news.lumenholdings.com,Social,PUB-0060,Lumen Holdings,lumenholdings.com,"Android, iOS",370305,169671,1440759.87,166083,76098,646187.10,204222,93573,794572.77,Branch,Branch,2021-06-05,false,,,1,Branch 2021-06-05,false,,,false,2021-06-02,2027-06-02,261,false,001N9X7AJFVYHSNAAO,Lumen Holdings,domain,0,,Prospect,Dara Nandakumar,LATAM,2025-12-25,,false,0,,,,,
2026-09-14,APP-1145,Echo Coach,coach.echocollective.net,Sports,PUB-0061,Echo Collective,echocollective.net,"Android, iOS",11674493,3551831,17529763.90,5652246,1719631,8487095.05,6022247,1832200,9042668.85,Branch,Branch,2022-04-15,false,,,1,Branch 2022-04-15,false,,,false,2022-04-15,2027-04-15,213,false,001AI720WF4JCW4AAO,Echo Collective,domain,0,,Customer,Priya Okonkwo,APAC,2026-02-05,56000,true,56000,customer_without_singular_sdk,,,,
2026-09-14,APP-1146,Kindle Freight,freight.kindlecollective.games,News,PUB-0062,Kindle Collective,kindlecollective.games,"Android, iOS",250582,104015,1083804.40,101883,42291,440658.92,148699,61724,643145.48,AppsFlyer,AppsFlyer,2024-07-26,false,,,1,AppsFlyer 2024-07-26,false,,,false,2024-07-26,2027-07-26,315,false,00198GZI869SKYJAAO,Kindle Collective,domain,0,,Prospect,Viktor Costa,EMEA,2025-09-19,0,true,0,,,,,
2026-09-14,APP-1147,Timber Mind,mind.timbersoftware.dev,Games,PUB-0063,Timber Software,timbersoftware.dev,"Android, iOS",217432,75965,259648.70,99874,34893,119265.71,117558,41072,140382.99,Singular,Singular,2022-09-04,true,,,1,Singular 2022-09-04,false,,,false,2022-08-28,2027-08-28,348,false,001NKLCQY2ZDNL9AAO,Timber Software,domain,0,,Prospect,Camila Haddad,EMEA,2026-06-20,,false,0,prospect_on_singular_sdk,,,,
2026-09-14,APP-1148,Timber Invest,invest.timbersoftware.dev,Lifestyle,PUB-0063,Timber Software,timbersoftware.dev,"Android, iOS",174223,79915,339175.59,78802,36146,153411.31,95421,43769,185764.28,Singular,Singular,2022-09-20,true,,,1,Singular 2022-09-20,false,,,false,2022-08-28,2027-08-28,348,false,001NKLCQY2ZDNL9AAO,Timber Software,domain,0,,Prospect,Camila Haddad,EMEA,2026-06-20,0,true,0,prospect_on_singular_sdk,,,,
2026-09-14,APP-1149,Timber Cart,cart.timbersoftware.dev,Music,PUB-0063,Timber Software,timbersoftware.dev,"Android, iOS",28558,8308,34513.07,11302,3288,13658.84,17256,5020,20854.23,Singular,Singular,2022-08-28,true,,,1,Singular 2022-08-28,false,,,false,2022-08-28,2027-08-28,348,false,001NKLCQY2ZDNL9AAO,Timber Software,domain,0,,Prospect,Camila Haddad,EMEA,2026-06-20,,false,0,prospect_on_singular_sdk,,,,
2026-09-14,APP-1150,Cinder Care,care.cinderinnovations.com,Travel,PUB-0064,Cinder Innovations,cinderinnovations.com,"Android, iOS",276934,96521,985977.99,103923,36221,370001.97,173011,60300,615976.02,AppsFlyer,AppsFlyer,2023-10-13,false,,,1,AppsFlyer 2023-10-13,false,,,false,2023-10-13,2026-10-13,29,true,,,unmatched,0,,,,,,,true,,,,,,
2026-09-14,APP-1151,Cinder Credit,credit.cinderinnovations.com,Lifestyle,PUB-0064,Cinder Innovations,cinderinnovations.com,"Android, iOS",15468,4983,43862.18,6420,2068,18204.99,9048,2915,25657.19,AppsFlyer,AppsFlyer,2023-11-02,false,,,1,AppsFlyer 2023-11-02,false,,,false,2023-10-13,2026-10-13,29,true,,,unmatched,0,,,,,,,false,,,,,,
2026-09-14,APP-1152,Cinder Charge,charge.cinderinnovations.com,Food & Drink,PUB-0064,Cinder Innovations,cinderinnovations.com,"Android, iOS",39429,17389,34619.20,18311,8076,16077.53,21118,9313,18541.67,AppsFlyer,AppsFlyer,2023-10-19,false,,,1,AppsFlyer 2023-10-19,false,,,false,2023-10-13,2026-10-13,29,true,,,unmatched,0,,,,,,,false,,,,,,
2026-09-14,APP-1153,Vellum Arena,arena.vellumfoundry.net,Health & Fitness,PUB-0065,Vellum Foundry,vellumfoundry.net,"Android, iOS",77494,25522,178834.71,30352,9996,70045.08,47142,15526,108789.63,Branch,AppsFlyer,2026-05-14,false,Branch,2025-09-07,2,Branch 2025-09-07 → AppsFlyer 2026-05-14,true,2026-05-14,123,false,2026-05-14,2027-05-14,242,false,00157MKO7FH5E2KAAO,Vellum Foundry,domain,0,,Customer,Priya Okonkwo,APAC,2025-08-02,,false,42000,customer_without_singular_sdk,,,,
2026-09-14,APP-1154,Vellum Go,go.vellumfoundry.net,Business,PUB-0065,Vellum Foundry,vellumfoundry.net,"Android, iOS",95023,43405,360758.09,45412,20743,172407.52,49611,22662,188350.57,Branch,Branch,2025-09-01,false,,,1,Branch 2025-09-01,false,,,false,2025-08-30,2027-08-30,350,false,00157MKO7FH5E2KAAO,Vellum Foundry,domain,0,,Customer,Priya Okonkwo,APAC,2025-08-02,42000,true,42000,customer_without_singular_sdk,,,,
2026-09-14,APP-1155,Vellum Shop,shop.vellumfoundry.net,Weather,PUB-0065,Vellum Foundry,vellumfoundry.net,iOS,130270,45839,336193.63,130270,45839,336193.63,,,,Branch,Branch,2025-09-07,false,,,1,Branch 2025-09-07,false,,,false,2025-08-30,2027-08-30,350,false,00157MKO7FH5E2KAAO,Vellum Foundry,domain,0,,Customer,Priya Okonkwo,APAC,2025-08-02,,false,42000,customer_without_singular_sdk,,,,
2026-09-14,APP-1156,Vellum Clip,clip.vellumfoundry.net,Social,PUB-0065,Vellum Foundry,vellumfoundry.net,"Android, iOS",103206,45245,302296.73,46254,20278,135481.44,56952,24967,166815.29,Branch,Branch,2025-08-30,false,,,1,Branch 2025-08-30,false,,,false,2025-08-30,2027-08-30,350,false,00157MKO7FH5E2KAAO,Vellum Foundry,domain,0,,Customer,Priya Okonkwo,APAC,2025-08-02,,false,42000,customer_without_singular_sdk,,,,
2026-09-14,APP-1157,Cedar Style,style.cedarnetworks.io,Entertainment,PUB-0066,Cedar Networks,cedarnetworks.io,"Android, iOS",1403454,398790,3027371.19,661381,187931,1426656.61,742073,210859,1600714.58,AppsFlyer,AppsFlyer,2026-09-14,false,Adjust,2025-01-02,2,Adjust 2025-01-02 → AppsFlyer 2026-09-14,true,2026-09-14,0,true,2026-09-14,2027-09-14,365,false,0013OCDORS4WB9RAAO,Cedar Networks,domain,0,,Prospect,Tobias Diallo,US,2026-07-19,0,true,0,,,,,
2026-09-14,APP-1158,Cedar Weather,weather.cedarnetworks.io,Lifestyle,PUB-0066,Cedar Networks,cedarnetworks.io,"Android, iOS",105805,41236,244161.48,45334,17668,104614.76,60471,23568,139546.72,AppsFlyer,Adjust,2024-11-21,false,,,1,Adjust 2024-11-21,false,,,false,2024-11-21,2026-11-21,68,true,0013OCDORS4WB9RAAO,Cedar Networks,domain,0,,Prospect,Tobias Diallo,US,2026-07-19,,false,0,,,,,
2026-09-14,APP-1159,Cedar Vault,vault.cedarnetworks.io,Finance,PUB-0066,Cedar Networks,cedarnetworks.io,"Android, iOS",140246,55837,189311.97,57707,22975,77896.24,82539,32862,111415.73,AppsFlyer,Adjust,2024-12-23,false,,,1,Adjust 2024-12-23,false,,,false,2024-11-21,2026-11-21,68,true,0013OCDORS4WB9RAAO,Cedar Networks,domain,0,,Prospect,Tobias Diallo,US,2026-07-19,,false,0,,,,,
2026-09-14,APP-1160,Cedar Radio,radio.cedarnetworks.io,Health & Fitness,PUB-0066,Cedar Networks,cedarnetworks.io,"Android, iOS",128138,47192,463500.17,60050,22116,217212.76,68088,25076,246287.41,AppsFlyer,Adjust,2025-01-01,false,,,1,Adjust 2025-01-01,false,,,false,2024-11-21,2026-11-21,68,true,0013OCDORS4WB9RAAO,Cedar Networks,domain,0,,Prospect,Tobias Diallo,US,2026-07-19,,false,0,,,,,
2026-09-14,APP-1161,Orbit Fit,fit.orbitdigital.dev,News,PUB-0067,Orbit Digital,orbitdigital.dev,"Android, iOS",33890,14784,128291.00,16209,7071,61357.91,17681,7713,66933.09,Tenjin,Tenjin,2025-03-25,false,,,1,Tenjin 2025-03-25,false,,,false,2025-02-19,2027-02-19,158,false,001VZTVF7LDPLZTAAO,Orbit Digital,domain,0,,Customer,Dara Nandakumar,LATAM,2026-01-20,,false,419000,customer_without_singular_sdk,,,,
2026-09-14,APP-1162,Orbit Kids,kids.orbitdigital.dev,Entertainment,PUB-0067,Orbit Digital,orbitdigital.dev,"Android, iOS",14692,4479,8972.84,7239,2207,4421.31,7453,2272,4551.53,Tenjin,Tenjin,2025-03-18,false,,,1,Tenjin 2025-03-18,false,,,false,2025-02-19,2027-02-19,158,false,001VZTVF7LDPLZTAAO,Orbit Digital,domain,0,,Customer,Dara Nandakumar,LATAM,2026-01-20,,false,419000,customer_without_singular_sdk,,,,
2026-09-14,APP-1163,Orbit Blitz,blitz.orbitdigital.dev,Travel,PUB-0067,Orbit Digital,orbitdigital.dev,"Android, iOS",212078,60705,896107.79,94769,27126,400432.55,117309,33579,495675.24,Tenjin,Tenjin,2025-03-30,false,,,1,Tenjin 2025-03-30,false,,,false,2025-02-19,2027-02-19,158,false,001VZTVF7LDPLZTAAO,Orbit Digital,domain,0,,Customer,Dara Nandakumar,LATAM,2026-01-20,,false,419000,customer_without_singular_sdk,,,,
2026-09-14,APP-1164,Orbit Weather,weather.orbitdigital.dev,Utilities,PUB-0067,Orbit Digital,orbitdigital.dev,"Android, iOS",248918,76866,869777.45,90123,27830,314909.77,158795,49036,554867.68,Tenjin,Tenjin,2025-03-21,false,,,1,Tenjin 2025-03-21,false,,,false,2025-02-19,2027-02-19,158,false,001VZTVF7LDPLZTAAO,Orbit Digital,domain,0,,Customer,Dara Nandakumar,LATAM,2026-01-20,,false,419000,customer_without_singular_sdk,,,,
2026-09-14,APP-1165,Orbit Table,table.orbitdigital.dev,Productivity,PUB-0067,Orbit Digital,orbitdigital.dev,"Android, iOS",6293815,2773000,9029529.40,2426906,1069273,3481802.11,3866909,1703727,5547727.29,Tenjin,Tenjin,2025-02-19,false,,,1,Tenjin 2025-02-19,false,,,false,2025-02-19,2027-02-19,158,false,001VZTVF7LDPLZTAAO,Orbit Digital,domain,0,,Customer,Dara Nandakumar,LATAM,2026-01-20,419000,true,419000,customer_without_singular_sdk,,,,
2026-09-14,APP-1166,Delta Bank,bank.deltaworks.com,Sports,PUB-0068,Delta Works,deltaworks.com,"Android, iOS",7579699,3490334,16538960.62,2713829,1249676,5921595.46,4865870,2240658,10617365.16,Adjust,Adjust,2021-06-08,false,Singular,2021-05-29,2,Singular 2021-05-29 → Adjust 2021-06-08,true,2021-06-08,1924,false,2021-05-16,2027-05-16,244,false,,,unmatched,0,,,,,,,true,,,,,,
2026-09-14,APP-1167,Delta Weather,weather.deltaworks.com,Social,PUB-0068,Delta Works,deltaworks.com,"Android, iOS",1059889,347278,3884849.57,397605,130277,1457355.91,662284,217001,2427493.66,Adjust,Adjust,2021-05-16,false,,,1,Adjust 2021-05-16,false,,,false,2021-05-16,2027-05-16,244,false,,,unmatched,0,,,,,,,false,,,,,,
2026-09-14,APP-1168,Delta Eats,eats.deltaworks.com,Business,PUB-0068,Delta Works,deltaworks.com,"Android, iOS",292227,98966,1127012.40,125137,42379,482605.89,167090,56587,644406.51,Adjust,Adjust,2021-05-31,false,,,1,Adjust 2021-05-31,false,,,false,2021-05-16,2027-05-16,244,false,,,unmatched,0,,,,,,,false,,,,,,
2026-09-14,APP-1169,Kindle Fit,fit.kindlefoundry.com,Health & Fitness,PUB-0069,Kindle Foundry,kindlefoundry.com,"Android, iOS",434706,208614,758562.56,175667,84302,306539.04,259039,124312,452023.52,AppsFlyer,Adjust,2026-01-02,false,AppsFlyer,2025-04-15,2,AppsFlyer 2025-04-15 → Adjust 2026-01-02,true,2026-01-02,255,false,2026-01-02,2027-01-02,110,false,,,unmatched,0,,,,,,,false,,,,,,
2026-09-14,APP-1170,Kindle Health,health.kindlefoundry.com,Health & Fitness,PUB-0069,Kindle Foundry,kindlefoundry.com,iOS,1975939,887975,8629004.80,1975939,887975,8629004.80,,,,AppsFlyer,AppsFlyer,2025-04-27,false,,,1,AppsFlyer 2025-04-27,false,,,false,2025-04-27,2027-04-27,225,false,,,unmatched,0,,,,,,,true,,,,,,
2026-09-14,APP-1171,Amber Table,table.amberholdings.com,Productivity,PUB-0070,Amber Holdings,amberholdings.com,"Android, iOS",100733,37994,320023.85,38119,14377,121101.11,62614,23617,198922.74,Adjust,Adjust,2022-03-30,false,,,1,Adjust 2022-03-30,false,,,false,2022-03-27,2027-03-27,194,false,0017Y1KE4PXDIF7AAO,Amber Holdings,domain,0,,Customer,Priya Okonkwo,APAC,2025-12-08,,false,21000,customer_without_singular_sdk,,,,
2026-09-14,APP-1172,Amber Puzzle,puzzle.amberholdings.com,Health & Fitness,PUB-0070,Amber Holdings,amberholdings.com,"Android, iOS",120602,35496,442279.16,47229,13900,173201.18,73373,21596,269077.98,Adjust,Adjust,2022-03-27,false,,,1,Adjust 2022-03-27,false,,,false,2022-03-27,2027-03-27,194,false,0017Y1KE4PXDIF7AAO,Amber Holdings,domain,0,,Customer,Priya Okonkwo,APAC,2025-12-08,,false,21000,customer_without_singular_sdk,,,,
2026-09-14,APP-1173,Amber Lite,lite.amberholdings.com,Travel,PUB-0070,Amber Holdings,amberholdings.com,"Android, iOS",174813,54718,483077.01,66053,20675,182531.77,108760,34043,300545.24,Adjust,Adjust,2022-04-06,false,,,1,Adjust 2022-04-06,false,,,false,2022-03-27,2027-03-27,194,false,0017Y1KE4PXDIF7AAO,Amber Holdings,domain,0,,Customer,Priya Okonkwo,APAC,2025-12-08,21000,true,21000,customer_without_singular_sdk,,,,
2026-09-14,APP-1174,Orbit Vault,vault.orbitplay.com,Sports,PUB-0071,Orbit Play,orbitplay.com,"Android, iOS",232606,95712,439819.43,93094,38306,176025.62,139512,57406,263793.81,AppsFlyer,AppsFlyer,2022-06-15,false,,,1,AppsFlyer 2022-06-15,false,,,false,2022-06-15,2027-06-15,274,false,001MF76TE7L13P6AAO,Orbit Play,domain,0,,Churned,Zara Okonkwo,US,2025-09-14,0,true,0,,,,,
2026-09-14,APP-1175,Drift Meet,meet.driftinteractive.com,Shopping,PUB-0072,Drift Interactive,driftinteractive.com,"Android, iOS",721114,231600,2912803.31,286185,91914,1155988.90,434929,139686,1756814.41,AppsFlyer,AppsFlyer,2023-11-25,false,,,1,AppsFlyer 2023-11-25,false,,,false,2023-11-25,2026-11-25,72,true,00120KYA5BVXWTNAAO,Drift Interactive,domain,0,,Prospect,Anders Costa,EMEA,2025-09-23,0,true,0,,,,,
2026-09-14,APP-1176,Monarch Pay,pay.monarchapps.co,Education,PUB-0073,Monarch Apps,monarchapps.co,"Android, iOS",5318137,2217776,19391350.09,2279329,950529,8311044.02,3038808,1267247,11080306.07,Airbridge,Airbridge,2023-07-19,false,,,1,Airbridge 2023-07-19,false,,,false,2023-06-30,2027-06-30,289,false,0010STER2GJG0GUAAO,Monarch Apps,name,0,,Partner,Priya Okonkwo,APAC,2026-07-01,,false,0,,,,,
2026-09-14,APP-1177,Monarch Transit,transit.monarchapps.co,Entertainment,PUB-0073,Monarch Apps,monarchapps.co,"Android, iOS",6649174,2725857,22509597.06,3056826,1253159,10348340.13,3592348,1472698,12161256.93,Airbridge,Airbridge,2023-06-30,false,,,1,Airbridge 2023-06-30,false,,,false,2023-06-30,2027-06-30,289,false,0010STER2GJG0GUAAO,Monarch Apps,name,0,,Partner,Priya Okonkwo,APAC,2026-07-01,0,true,0,,,,,
2026-09-14,APP-1178,Ionic Kids,kids.ionicmedia.com,Sports,PUB-0074,Ionic Media,ionicmedia.com,"Android, iOS",131435,52671,184077.91,64152,25708,89846.80,67283,26963,94231.11,AppsFlyer,AppsFlyer,2021-08-24,false,,,1,AppsFlyer 2021-08-24,false,,,false,2021-08-24,2027-08-24,344,false,001XEFNOZBP3VRTAAO,Ionic Media,domain,0,,Customer,Tobias Diallo,US,2026-06-13,898000,true,898000,customer_without_singular_sdk,,,,
2026-09-14,APP-1179,Drift Dating,dating.driftdynamics.io,Social,PUB-0075,Drift Dynamics,driftdynamics.io,"Android, iOS",35530,12455,76604.78,17410,6103,37537.22,18120,6352,39067.56,AppsFlyer,AppsFlyer,2025-05-31,false,,,1,AppsFlyer 2025-05-31,false,,,false,2025-05-15,2027-05-15,243,false,001OKY0VYWFPQMDAAO,Drift Dynamics,domain,0,,Prospect,Zara Okonkwo,US,2025-08-30,,false,0,,,,,
2026-09-14,APP-1180,Drift Calm,calm.driftdynamics.io,Utilities,PUB-0075,Drift Dynamics,driftdynamics.io,"Android, iOS",31364,14367,44396.55,15219,6971,21542.45,16145,7396,22854.10,AppsFlyer,Adjust,2026-05-10,false,AppsFlyer,2025-04-27,2,AppsFlyer 2025-04-27 → Adjust 2026-05-10,true,2026-05-10,127,false,2026-05-10,2027-05-10,238,false,001OKY0VYWFPQMDAAO,Drift Dynamics,domain,0,,Prospect,Zara Okonkwo,US,2025-08-30,,false,0,,,,,
2026-09-14,APP-1181,Drift Credit,credit.driftdynamics.io,Food & Drink,PUB-0075,Drift Dynamics,driftdynamics.io,"Android, iOS",50239,18503,80926.45,20193,7437,32527.24,30046,11066,48399.21,AppsFlyer,AppsFlyer,2025-05-15,false,,,1,AppsFlyer 2025-05-15,false,,,false,2025-05-15,2027-05-15,243,false,001OKY0VYWFPQMDAAO,Drift Dynamics,domain,0,,Prospect,Zara Okonkwo,US,2025-08-30,0,true,0,,,,,
2026-09-14,APP-1182,Quill Health,health.quillapps.net,Social,PUB-0076,Quill Apps,quillapps.net,"Android, iOS",1467261,663351,5937106.42,592754,267985,2398511.94,874507,395366,3538594.48,Branch,Branch,2023-04-27,false,,,1,Branch 2023-04-27,false,,,false,2023-04-27,2027-04-27,225,false,001N850OH53MJNYAAO,Quill Apps,domain,1,001UOJF37BMV0Y9AAO,Prospect,Dara Nandakumar,LATAM,2026-08-20,0,true,0,prospect_on_singular_sdk,,,,
2026-09-14,APP-1183,Quill Tracker,tracker.quillapps.net,Sports,PUB-0076,Quill Apps,quillapps.net,Android,262105,102790,1128333.74,,,,262105,102790,1128333.74,Branch,Singular,2026-05-11,true,Branch,2023-04-28,2,Branch 2023-04-28 → Singular 2026-05-11,true,2026-05-11,126,false,2026-05-11,2027-05-11,239,false,001N850OH53MJNYAAO,Quill Apps,domain,1,001UOJF37BMV0Y9AAO,Prospect,Dara Nandakumar,LATAM,2026-08-20,,false,0,prospect_on_singular_sdk,,,,
2026-09-14,APP-1184,Lantern Kids,kids.lanternmedia.com,Music,PUB-0077,Lantern Media,lanternmedia.com,"Android, iOS",656818,284575,554034.12,263659,114234,222399.58,393159,170341,331634.54,Tenjin,Tenjin,2025-09-25,false,,,1,Tenjin 2025-09-25,false,,,false,2025-09-25,2026-09-25,11,true,001T93OE2IWMPMDAAO,Lantern Media,domain,0,,Prospect,Dara Nandakumar,LATAM,2026-08-24,,false,0,,,,,
2026-09-14,APP-1185,Lantern Shop,shop.lanternmedia.com,Lifestyle,PUB-0077,Lantern Media,lanternmedia.com,"Android, iOS",271828,118676,1150763.63,104729,45723,443364.24,167099,72953,707399.39,Tenjin,Kochava,2026-06-02,false,Tenjin,2025-09-11,2,Tenjin 2025-09-11 → Kochava 2026-06-02,true,2026-06-02,104,true,2026-06-02,2027-06-02,261,false,001T93OE2IWMPMDAAO,Lantern Media,domain,0,,Prospect,Dara Nandakumar,LATAM,2026-08-24,0,true,0,,,,,
2026-09-14,APP-1186,Glimmer Scan,scan.glimmerstudios.com,Travel,PUB-0078,Glimmer Studios,glimmerstudios.com,"Android, iOS",2817813,1223222,8499153.53,1225802,532125,3697292.84,1592011,691097,4801860.69,Adjust,Adjust,2021-12-14,false,,,1,Adjust 2021-12-14,false,,,false,2021-12-10,2026-12-10,87,true,001Y57INZYORO49AAO,Glimmer Studios,domain,0,,Customer,Rin Villalobos,US,2025-10-14,741000,true,741000,customer_without_singular_sdk,,,,
2026-09-14,APP-1187,Glimmer Health,health.glimmerstudios.com,Music,PUB-0078,Glimmer Studios,glimmerstudios.com,"Android, iOS",1064017,399703,2117554.35,450699,169307,896959.79,613318,230396,1220594.56,Adjust,Adjust,2021-12-13,false,,,1,Adjust 2021-12-13,false,,,false,2021-12-10,2026-12-10,87,true,001Y57INZYORO49AAO,Glimmer Studios,domain,0,,Customer,Rin Villalobos,US,2025-10-14,,false,741000,customer_without_singular_sdk,,,,
2026-09-14,APP-1188,Glimmer Charge,charge.glimmerstudios.com,Food & Drink,PUB-0078,Glimmer Studios,glimmerstudios.com,"Android, iOS",1088512,306123,1374180.28,466756,131266,589251.11,621756,174857,784929.17,Adjust,Adjust,2021-12-10,false,,,1,Adjust 2021-12-10,false,,,false,2021-12-10,2026-12-10,87,true,001Y57INZYORO49AAO,Glimmer Studios,domain,0,,Customer,Rin Villalobos,US,2025-10-14,,false,741000,customer_without_singular_sdk,,,,
2026-09-14,APP-1189,Jetty Stream,stream.jettyunion.com,Business,PUB-0079,Jetty Union,jettyunion.com,"Android, iOS",253011,92476,1032647.01,120171,43923,490469.19,132840,48553,542177.82,Kochava,Kochava,2023-12-16,false,,,1,Kochava 2023-12-16,false,,,false,2023-11-13,2026-11-13,60,true,0016CKB1FB4T8NNAAO,Jetty Union,domain,0,,Churned,Zara Takahashi,APAC,2025-12-06,,false,0,,,,,
2026-09-14,APP-1190,Jetty Care,care.jettyunion.com,Weather,PUB-0079,Jetty Union,jettyunion.com,"Android, iOS",909854,386122,3637708.41,389869,165452,1558743.96,519985,220670,2078964.45,Kochava,Kochava,2023-12-16,false,,,1,Kochava 2023-12-16,false,,,false,2023-11-13,2026-11-13,60,true,0016CKB1FB4T8NNAAO,Jetty Union,domain,0,,Churned,Zara Takahashi,APAC,2025-12-06,0,true,0,,,,,
2026-09-14,APP-1191,Jetty Studio,studio.jettyunion.com,Photo & Video,PUB-0079,Jetty Union,jettyunion.com,"Android, iOS",1299431,470522,2061420.67,631166,228544,1001282.90,668265,241978,1060137.77,Kochava,Kochava,2023-11-13,false,,,1,Kochava 2023-11-13,false,,,false,2023-11-13,2026-11-13,60,true,0016CKB1FB4T8NNAAO,Jetty Union,domain,0,,Churned,Zara Takahashi,APAC,2025-12-06,,false,0,,,,,
2026-09-14,APP-1192,Umbra Scan,scan.umbramedia.co,Sports,PUB-0080,Umbra Media,umbramedia.co,"Android, iOS",145675,62157,548484.38,60967,26013,229547.64,84708,36144,318936.74,Adjust,Adjust,2025-09-27,false,,,1,Adjust 2025-09-27,false,,,false,2025-08-19,2027-08-19,339,false,001HPMUBT22A1V8AAO,Umbra Media,domain,0,,Churned,Priya Okonkwo,APAC,2026-04-03,,false,0,,,,,
2026-09-14,APP-1193,Umbra Radio,radio.umbramedia.co,Social,PUB-0080,Umbra Media,umbramedia.co,"Android, iOS",164697,51433,322065.86,75568,23599,147774.49,89129,27834,174291.37,Adjust,Adjust,2025-09-21,false,,,1,Adjust 2025-09-21,false,,,false,2025-08-19,2027-08-19,339,false,001HPMUBT22A1V8AAO,Umbra Media,domain,0,,Churned,Priya Okonkwo,APAC,2026-04-03,,false,0,,,,,
2026-09-14,APP-1194,Umbra Weather,weather.umbramedia.co,Utilities,PUB-0080,Umbra Media,umbramedia.co,"Android, iOS",612733,183842,2028386.43,303025,90918,1003131.79,309708,92924,1025254.64,Adjust,Adjust,2025-09-28,false,,,1,Adjust 2025-09-28,false,,,false,2025-08-19,2027-08-19,339,false,001HPMUBT22A1V8AAO,Umbra Media,domain,0,,Churned,Priya Okonkwo,APAC,2026-04-03,0,true,0,,,,,
2026-09-14,APP-1195,Umbra Freight,freight.umbramedia.co,Finance,PUB-0080,Umbra Media,umbramedia.co,"Android, iOS",260228,109413,167929.47,99455,41816,64179.79,160773,67597,103749.68,Adjust,Adjust,2025-08-19,false,,,1,Adjust 2025-08-19,false,,,false,2025-08-19,2027-08-19,339,false,001HPMUBT22A1V8AAO,Umbra Media,domain,0,,Churned,Priya Okonkwo,APAC,2026-04-03,,false,0,,,,,
2026-09-14,APP-1196,Granite Daily,daily.granitetechnologies.com,Weather,PUB-0081,Granite Technologies,granitetechnologies.com,"Android, iOS",116140,54816,400697.41,47939,22626,165394.46,68201,32190,235302.95,Adjust,Adjust,2022-05-17,false,,,1,Adjust 2022-05-17,false,,,false,2022-05-17,2027-05-17,245,false,,,unmatched,0,,,,,,,true,,,,,,
2026-09-14,APP-1197,Jetty Calm,calm.jettysolutions.io,Weather,PUB-0082,Jetty Solutions,jettysolutions.io,"Android, iOS",269363,80579,1048163.96,95496,28567,371602.06,173867,52012,676561.90,Branch,Branch,2023-12-21,false,,,1,Branch 2023-12-21,false,,,false,2023-12-21,2026-12-21,98,false,001HKJUHV0RQ04AAAO,Jetty Solutions,domain,0,,Customer,Zara Okonkwo,US,2026-01-17,78000,true,78000,customer_without_singular_sdk,,,,
2026-09-14,APP-1198,Onyx Bank,bank.onyxguild.com,Productivity,PUB-0083,Onyx Guild,onyxguild.com,"Android, iOS",9142,3731,8163.92,3203,1307,2860.29,5939,2424,5303.63,AppsFlyer,Kochava,2025-05-10,false,,,1,Kochava 2025-05-10,false,,,false,2025-05-10,2027-05-10,238,false,001ZH7E3HIX5582AAO,Onyx Guild,domain,0,,Prospect,,US,2025-08-12,,false,0,,,,,
2026-09-14,APP-1199,Onyx Market,market.onyxguild.com,Entertainment,PUB-0083,Onyx Guild,onyxguild.com,"Android, iOS",172405,79363,225569.92,67595,31116,88438.93,104810,48247,137130.99,AppsFlyer,AppsFlyer,2026-01-13,false,Kochava,2025-06-16,2,Kochava 2025-06-16 → AppsFlyer 2026-01-13,true,2026-01-13,244,false,2026-01-13,2027-01-13,121,false,001ZH7E3HIX5582AAO,Onyx Guild,domain,0,,Prospect,,US,2025-08-12,0,true,0,,,,,
2026-09-14,APP-1200,Nova Cart,cart.novaplay.com,Food & Drink,PUB-0084,Nova Play,novaplay.com,"Android, iOS",53593,17014,143047.95,26172,8309,69856.00,27421,8705,73191.95,AppsFlyer,AppsFlyer,2021-11-17,false,,,1,AppsFlyer 2021-11-17,false,,,false,2021-11-04,2026-11-04,51,true,00150F1P0OK9YTUAAO,Nova Play,domain,0,,Prospect,Camila Haddad,EMEA,2025-10-05,,false,0,,,,,
2026-09-14,APP-1201,Nova Health,health.novaplay.com,Lifestyle,PUB-0084,Nova Play,novaplay.com,iOS,1451224,425830,5267724.55,1451224,425830,5267724.55,,,,AppsFlyer,AppsFlyer,2021-11-19,false,,,1,AppsFlyer 2021-11-19,false,,,false,2021-11-04,2026-11-04,51,true,00150F1P0OK9YTUAAO,Nova Play,domain,0,,Prospect,Camila Haddad,EMEA,2025-10-05,0,true,0,,,,,
2026-09-14,APP-1202,Nova Saga,saga.novaplay.com,Business,PUB-0084,Nova Play,novaplay.com,"Android, iOS",181223,65917,320448.47,82389,29968,145685.01,98834,35949,174763.46,AppsFlyer,AppsFlyer,2021-11-04,false,,,1,AppsFlyer 2021-11-04,false,,,false,2021-11-04,2026-11-04,51,true,00150F1P0OK9YTUAAO,Nova Play,domain,0,,Prospect,Camila Haddad,EMEA,2025-10-05,,false,0,,,,,
2026-09-14,APP-1203,Beacon Sports,sports.beaconsoftware.com,Music,PUB-0085,Beacon Software,beaconsoftware.com,Android,123900,53690,270307.99,,,,123900,53690,270307.99,Singular,Tenjin,2024-03-11,false,,,1,Tenjin 2024-03-11,false,,,false,2024-02-27,2027-02-27,166,false,001FP89G6WCVNP3AAO,Beacon Software,domain,0,,Prospect,Zara Takahashi,APAC,2026-05-03,,false,0,prospect_on_singular_sdk,,,,
2026-09-14,APP-1204,Beacon Keys,keys.beaconsoftware.com,Education,PUB-0085,Beacon Software,beaconsoftware.com,"Android, iOS",7278903,3067497,6455014.06,2763370,1164548,2450588.15,4515533,1902949,4004425.91,Singular,Singular,2026-07-29,true,Tenjin,2024-02-22,2,Tenjin 2024-02-22 → Singular 2026-07-29,true,2026-07-29,47,true,2026-07-29,2027-07-29,318,false,001FP89G6WCVNP3AAO,Beacon Software,domain,0,,Prospect,Zara Takahashi,APAC,2026-05-03,0,true,0,prospect_on_singular_sdk,,,,
2026-09-14,APP-1205,Beacon Cart,cart.beaconsoftware.com,Food & Drink,PUB-0085,Beacon Software,beaconsoftware.com,"Android, iOS",216559,93788,343033.31,90914,39373,144009.26,125645,54415,199024.05,Singular,Tenjin,2024-02-27,false,,,1,Tenjin 2024-02-27,false,,,false,2024-02-27,2027-02-27,166,false,001FP89G6WCVNP3AAO,Beacon Software,domain,0,,Prospect,Zara Takahashi,APAC,2026-05-03,,false,0,prospect_on_singular_sdk,,,,
2026-09-14,APP-1206,Upland Table,table.uplandindustries.com,Lifestyle,PUB-0086,Upland Industries,uplandindustries.com,"Android, iOS",298419,137314,273769.04,106353,48937,97568.02,192066,88377,176201.02,Singular,Singular,2026-07-17,true,AppsFlyer,2024-12-03,2,AppsFlyer 2024-12-03 → Singular 2026-07-17,true,2026-07-17,59,true,2026-07-17,2027-07-17,306,false,,,unmatched,0,,,,,,,false,,,,,,
2026-09-14,APP-1207,Upland Rush,rush.uplandindustries.com,Business,PUB-0086,Upland Industries,uplandindustries.com,"Android, iOS",155448,61401,330743.28,68938,27230,146677.22,86510,34171,184066.06,Singular,AppsFlyer,2024-11-17,false,,,1,AppsFlyer 2024-11-17,false,,,false,2024-11-16,2026-11-16,63,true,,,unmatched,0,,,,,,,true,,,,,,
2026-09-14,APP-1208,Upland Charge,charge.uplandindustries.com,Entertainment,PUB-0086,Upland Industries,uplandindustries.com,"Android, iOS",69724,24856,162416.78,28186,10048,65657.42,41538,14808,96759.36,Singular,AppsFlyer,2024-11-16,false,,,1,AppsFlyer 2024-11-16,false,,,false,2024-11-16,2026-11-16,63,true,,,unmatched,0,,,,,,,false,,,,,,
2026-09-14,APP-1209,Vesper Saga,saga.vespergroup.com,Games,PUB-0087,Vesper Group,vespergroup.com,"Android, iOS",276194,117972,459378.45,121904,52069,202756.36,154290,65903,256622.09,Tenjin,Tenjin,2022-11-04,false,,,1,Tenjin 2022-11-04,false,,,false,2022-10-11,2026-10-11,27,true,001ZBKS37BZ753ZAAO,Vesper Group,domain,0,,Prospect,Dara Nandakumar,LATAM,2025-11-27,,false,0,,,,,
2026-09-14,APP-1210,Vesper Sports,sports.vespergroup.com,News,PUB-0087,Vesper Group,vespergroup.com,"Android, iOS",2232609,1004000,4270908.49,1040134,467746,1989742.99,1192475,536254,2281165.50,Tenjin,Tenjin,2022-10-11,false,,,1,Tenjin 2022-10-11,false,,,false,2022-10-11,2026-10-11,27,true,001ZBKS37BZ753ZAAO,Vesper Group,domain,0,,Prospect,Dara Nandakumar,LATAM,2025-11-27,0,true,0,,,,,
2026-09-14,APP-1211,Indigo Tracker,tracker.indigolabs.com,Utilities,PUB-0088,Indigo Labs,indigolabs.com,"Android, iOS",156986,48266,215543.96,67623,20791,92847.52,89363,27475,122696.44,AppsFlyer,AppsFlyer,2023-08-10,false,,,1,AppsFlyer 2023-08-10,false,,,false,2023-08-10,2027-08-10,330,false,001U92WAVUGXLGNAAO,Indigo Labs,domain,0,,Customer,Priya Okonkwo,APAC,2025-09-28,56000,true,56000,customer_without_singular_sdk,,,,
2026-09-14,APP-1212,Fable Invest,invest.fablesolutions.net,Food & Drink,PUB-0089,Fable Solutions,fablesolutions.net,"Android, iOS",268457,121221,824905.62,134077,60542,411988.18,134380,60679,412917.44,AppsFlyer,AppsFlyer,2021-10-22,false,,,1,AppsFlyer 2021-10-22,false,,,false,2021-10-05,2026-10-05,21,true,,,unmatched,0,,,,,,,false,,,,,,
2026-09-14,APP-1213,Fable Keys,keys.fablesolutions.net,Shopping,PUB-0089,Fable Solutions,fablesolutions.net,"Android, iOS",2318238,975180,1849620.15,1011218,425374,806806.03,1307020,549806,1042814.12,AppsFlyer,AppsFlyer,2021-10-05,false,,,1,AppsFlyer 2021-10-05,false,,,false,2021-10-05,2026-10-05,21,true,,,unmatched,0,,,,,,,true,,,,,,
2026-09-14,APP-1214,Beacon Bank,bank.beacongroup.com,Productivity,PUB-0090,Beacon Group,beacongroup.com,"Android, iOS",201307,77815,795415.96,76829,29698,303570.50,124478,48117,491845.46,AppsFlyer,AppsFlyer,2024-05-07,false,,,1,AppsFlyer 2024-05-07,false,,,false,2024-04-20,2027-04-20,218,false,,,unmatched,0,,,,,,,true,,,,,,
2026-09-14,APP-1215,Beacon News,news.beacongroup.com,Food & Drink,PUB-0090,Beacon Group,beacongroup.com,"Android, iOS",171244,67727,484029.94,79198,31323,223858.46,92046,36404,260171.48,AppsFlyer,Airbridge,2026-03-23,false,AppsFlyer,2024-05-23,2,AppsFlyer 2024-05-23 → Airbridge 2026-03-23,true,2026-03-23,175,false,2026-03-23,2027-03-23,190,false,,,unmatched,0,,,,,,,false,,,,,,
2026-09-14,APP-1216,Beacon Weather,weather.beacongroup.com,Lifestyle,PUB-0090,Beacon Group,beacongroup.com,"Android, iOS",95836,35039,230512.42,43770,16003,105280.00,52066,19036,125232.42,AppsFlyer,AppsFlyer,2024-04-20,false,,,1,AppsFlyer 2024-04-20,false,,,false,2024-04-20,2027-04-20,218,false,,,unmatched,0,,,,,,,false,,,,,,
2026-09-14,APP-1217,Thistle Vault,vault.thistledynamics.ai,Health & Fitness,PUB-0091,Thistle Dynamics,thistledynamics.ai,"Android, iOS",103949,35891,158383.45,39551,13656,60263.14,64398,22235,98120.31,AppsFlyer,AppsFlyer,2022-12-28,false,,,1,AppsFlyer 2022-12-28,false,,,false,2022-11-21,2026-11-21,68,true,001CL2K40RLE16NAAO,Thistle Dynamics,domain,0,,Prospect,Priya Okonkwo,APAC,2025-12-19,,false,0,,,,,
2026-09-14,APP-1218,Thistle Shop,shop.thistledynamics.ai,Finance,PUB-0091,Thistle Dynamics,thistledynamics.ai,"Android, iOS",282556,109349,575592.60,137657,53273,280419.87,144899,56076,295172.73,AppsFlyer,AppsFlyer,2022-11-21,false,,,1,AppsFlyer 2022-11-21,false,,,false,2022-11-21,2026-11-21,68,true,001CL2K40RLE16NAAO,Thistle Dynamics,domain,0,,Prospect,Priya Okonkwo,APAC,2025-12-19,0,true,0,,,,,
2026-09-14,APP-1219,Jubilee Maps,maps.jubileedigital.io,Business,PUB-0092,Jubilee Digital,jubileedigital.io,Android,2285865,721024,5731879.29,,,,2285865,721024,5731879.29,Singular,Singular,2024-08-31,true,,,1,Singular 2024-08-31,false,,,false,2024-08-17,2027-08-17,337,false,0010JOV6HJYBXM0AAO,Jubilee Digital,domain,0,,Prospect,Zara Takahashi,APAC,2026-06-17,,false,0,prospect_on_singular_sdk,,,,
2026-09-14,APP-1220,Jubilee Style,style.jubileedigital.io,Social,PUB-0092,Jubilee Digital,jubileedigital.io,"Android, iOS",86436,32711,72357.49,33981,12860,28446.09,52455,19851,43911.40,Singular,AppsFlyer,2025-12-25,false,Singular,2024-08-16,2,Singular 2024-08-16 → AppsFlyer 2025-12-25,true,2025-12-25,263,false,2025-12-25,2026-12-25,102,false,0010JOV6HJYBXM0AAO,Jubilee Digital,domain,0,,Prospect,Zara Takahashi,APAC,2026-06-17,,false,0,prospect_on_singular_sdk,,,,
2026-09-14,APP-1221,Jubilee Daily,daily.jubileedigital.io,Utilities,PUB-0092,Jubilee Digital,jubileedigital.io,"Android, iOS",2063331,734568,6318416.75,790312,281359,2420124.83,1273019,453209,3898291.92,Singular,Singular,2024-09-20,true,,,1,Singular 2024-09-20,false,,,false,2024-08-17,2027-08-17,337,false,0010JOV6HJYBXM0AAO,Jubilee Digital,domain,0,,Prospect,Zara Takahashi,APAC,2026-06-17,0,true,0,prospect_on_singular_sdk,,,,
2026-09-14,APP-1222,Jubilee Chef,chef.jubileedigital.io,Shopping,PUB-0092,Jubilee Digital,jubileedigital.io,"Android, iOS",288442,97337,946546.67,113291,38231,371775.50,175151,59106,574771.17,Singular,Singular,2024-08-18,true,,,1,Singular 2024-08-18,false,,,false,2024-08-17,2027-08-17,337,false,0010JOV6HJYBXM0AAO,Jubilee Digital,domain,0,,Prospect,Zara Takahashi,APAC,2026-06-17,,false,0,prospect_on_singular_sdk,,,,
2026-09-14,APP-1223,Jubilee Tutor,tutor.jubileedigital.io,Weather,PUB-0092,Jubilee Digital,jubileedigital.io,"Android, iOS",1946332,599752,1200113.72,798553,246070,492390.21,1147779,353682,707723.51,Singular,Singular,2024-09-25,true,,,1,Singular 2024-09-25,false,,,false,2024-08-17,2027-08-17,337,false,0010JOV6HJYBXM0AAO,Jubilee Digital,domain,0,,Prospect,Zara Takahashi,APAC,2026-06-17,,false,0,prospect_on_singular_sdk,,,,
2026-09-14,APP-1224,Jubilee Saga,saga.jubileedigital.io,Productivity,PUB-0092,Jubilee Digital,jubileedigital.io,"Android, iOS",89038,32060,361265.03,34907,12569,141632.62,54131,19491,219632.41,Singular,Singular,2024-08-17,true,,,1,Singular 2024-08-17,false,,,false,2024-08-17,2027-08-17,337,false,0010JOV6HJYBXM0AAO,Jubilee Digital,domain,0,,Prospect,Zara Takahashi,APAC,2026-06-17,,false,0,prospect_on_singular_sdk,,,,
2026-09-14,APP-1225,Cedar Learn,learn.cedardynamics.io,Health & Fitness,PUB-0093,Cedar Dynamics,cedardynamics.io,"Android, iOS",264712,92946,312100.50,108188,37987,127555.92,156524,54959,184544.58,Tenjin,Tenjin,2022-12-16,false,,,1,Tenjin 2022-12-16,false,,,false,2022-11-30,2026-11-30,77,true,0011HBUUM5H9SNIAAO,Cedar Dynamics,domain,0,,Prospect,Zara Takahashi,APAC,2025-10-19,0,true,0,,,,,
2026-09-14,APP-1226,Cedar Daily,daily.cedardynamics.io,Social,PUB-0093,Cedar Dynamics,cedardynamics.io,"Android, iOS",156779,48587,143167.54,76072,23575,69467.12,80707,25012,73700.42,Tenjin,Tenjin,2022-11-30,false,,,1,Tenjin 2022-11-30,false,,,false,2022-11-30,2026-11-30,77,true,0011HBUUM5H9SNIAAO,Cedar Dynamics,domain,0,,Prospect,Zara Takahashi,APAC,2025-10-19,,false,0,,,,,
2026-09-14,APP-1227,Hinge Clip,clip.hingeplay.com,Photo & Video,PUB-0094,Hinge Play,hingeplay.com,"Android, iOS",252774,89796,437434.17,111893,39749,193634.83,140881,50047,243799.34,Singular,Tenjin,2025-05-20,false,,,1,Tenjin 2025-05-20,false,,,false,2025-05-20,2027-05-20,248,false,001JLVTJ3FCU5XLAAO,Hinge Play,domain,0,,Prospect,Camila Haddad,EMEA,2026-02-21,,false,0,prospect_on_singular_sdk,,,,
2026-09-14,APP-1228,Hinge Plus,plus.hingeplay.com,Business,PUB-0094,Hinge Play,hingeplay.com,"Android, iOS",1299293,382242,1130536.26,624649,183767,543517.79,674644,198475,587018.47,Singular,Singular,2026-01-23,true,Tenjin,2025-05-17,2,Tenjin 2025-05-17 → Singular 2026-01-23,true,2026-01-23,234,false,2026-01-23,2027-01-23,131,false,001JLVTJ3FCU5XLAAO,Hinge Play,domain,0,,Prospect,Camila Haddad,EMEA,2026-02-21,0,true,0,prospect_on_singular_sdk,,,,
2026-09-14,APP-1229,Tundra Sleep,sleep.tundrasolutions.co,Lifestyle,PUB-0095,Tundra Solutions,tundrasolutions.co,"Android, iOS",239886,73857,399386.03,90462,27852,150609.77,149424,46005,248776.26,Airbridge,Kochava,2023-05-18,false,,,1,Kochava 2023-05-18,false,,,false,2023-05-18,2027-05-18,246,false,001DJF6M1LEL2RKAAO,Tundra Solutions Inc,domain,1,0017F9MKKTATT5ZAAO,Prospect,Viktor Costa,EMEA,2026-05-14,,false,0,,,,,
2026-09-14,APP-1230,Tundra Cards,cards.tundrasolutions.co,Games,PUB-0095,Tundra Solutions,tundrasolutions.co,"Android, iOS",2717809,1279021,2058592.84,1222036,575099,925626.32,1495773,703922,1132966.52,Airbridge,Airbridge,2025-10-16,false,Kochava,2023-05-24,2,Kochava 2023-05-24 → Airbridge 2025-10-16,true,2025-10-16,333,false,2025-10-16,2026-10-16,32,true,001DJF6M1LEL2RKAAO,Tundra Solutions Inc,domain,1,0017F9MKKTATT5ZAAO,Prospect,Viktor Costa,EMEA,2026-05-14,0,true,0,,,,,
2026-09-14,APP-1231,Jetty Clip,clip.jettyworks.com,Lifestyle,PUB-0096,Jetty Works,jettyworks.com,Android,842455,365537,1149606.09,,,,842455,365537,1149606.09,Branch,Branch,2021-04-19,false,,,1,Branch 2021-04-19,false,,,false,2021-04-19,2027-04-19,217,false,,,unmatched,0,,,,,,,true,,,,,,
2026-09-14,APP-1232,Rook Stream,stream.rookworks.com,Food & Drink,PUB-0097,Rook Works,rookworks.com,"Android, iOS",182410,57022,121521.62,78793,24631,52492.15,103617,32391,69029.47,Singular,AppsFlyer,2024-10-21,false,,,1,AppsFlyer 2024-10-21,false,,,false,2024-10-21,2026-10-21,37,true,,,unmatched,0,,,,,,,false,,,,,,
2026-09-14,APP-1233,Rook Tutor,tutor.rookworks.com,Health & Fitness,PUB-0097,Rook Works,rookworks.com,"Android, iOS",217633,87994,306874.01,92538,37415,130483.65,125095,50579,176390.36,Singular,Singular,2026-04-03,true,AppsFlyer,2024-11-08,2,AppsFlyer 2024-11-08 → Singular 2026-04-03,true,2026-04-03,164,false,2026-04-03,2027-04-03,201,false,,,unmatched,0,,,,,,,true,,,,,,
2026-09-14,APP-1234,Rivet Scan,scan.rivetinnovations.com,Shopping,PUB-0098,Rivet Innovations,rivetinnovations.com,"Android, iOS",10264639,3903936,40269146.97,4777984,1817204,18744480.78,5486655,2086732,21524666.19,Airbridge,Airbridge,2024-04-03,false,,,1,Airbridge 2024-04-03,false,,,false,2024-04-03,2027-04-03,201,false,,,unmatched,0,,,,,,,true,,,,,,
2026-09-14,APP-1235,Delta Rush,rush.deltatechnologies.io,Weather,PUB-0099,Delta Technologies,deltatechnologies.io,"Android, iOS",2100709,852660,8411879.15,962280,390581,3853264.06,1138429,462079,4558615.09,Adjust,Adjust,2021-11-28,false,,,1,Adjust 2021-11-28,false,,,false,2021-11-28,2026-11-28,75,true,001WIERJOIDU3S6AAO,Delta Technologies,domain,0,,Prospect,Dara Nandakumar,LATAM,2026-01-11,0,true,0,,,,,
2026-09-14,APP-1236,Delta Learn,learn.deltatechnologies.io,Utilities,PUB-0099,Delta Technologies,deltatechnologies.io,"Android, iOS",2717407,873569,5842835.38,1234247,396775,2653817.45,1483160,476794,3189017.93,Adjust,Adjust,2021-11-30,false,,,1,Adjust 2021-11-30,false,,,false,2021-11-28,2026-11-28,75,true,001WIERJOIDU3S6AAO,Delta Technologies,domain,0,,Prospect,Dara Nandakumar,LATAM,2026-01-11,,false,0,,,,,
2026-09-14,APP-1237,Anchor Quest,quest.anchorfoundry.com,Finance,PUB-0100,Anchor Foundry,anchorfoundry.com,"Android, iOS",118266,43659,124138.57,52360,19329,54960.48,65906,24330,69178.09,Branch,AppsFlyer,2026-04-23,false,Branch,2023-08-29,2,Branch 2023-08-29 → AppsFlyer 2026-04-23,true,2026-04-23,144,false,2026-04-23,2027-04-23,221,false,001OUPNDNCBKUNJAAO,Anchor Foundry,domain,0,,Prospect,Camila Haddad,EMEA,2025-10-04,,false,0,,,,,
2026-09-14,APP-1238,Anchor Keys,keys.anchorfoundry.com,Lifestyle,PUB-0100,Anchor Foundry,anchorfoundry.com,"Android, iOS",2830937,1235791,9117768.44,1349283,589003,4345715.42,1481654,646788,4772053.02,Branch,Branch,2023-08-14,false,,,1,Branch 2023-08-14,false,,,false,2023-08-14,2027-08-14,334,false,001OUPNDNCBKUNJAAO,Anchor Foundry,domain,0,,Prospect,Camila Haddad,EMEA,2025-10-04,0,true,0,,,,,
2026-09-14,APP-1239,Bramble Home,home.bramblemedia.app,Social,PUB-0101,Bramble Media,bramblemedia.app,iOS,2116309,661733,1813298.02,2116309,661733,1813298.02,,,,Adjust,Adjust,2025-01-03,false,,,1,Adjust 2025-01-03,false,,,false,2025-01-03,2027-01-03,111,false,001P6DF8D7CCKBUAAO,Bramble Media,domain,0,,Partner,Zara Takahashi,APAC,2025-10-23,0,true,0,,,,,
2026-09-14,APP-1240,Orbit Mind,mind.orbitcollective.dev,Utilities,PUB-0102,Orbit Collective,orbitcollective.dev,"Android, iOS",230044,95661,838039.65,108529,45130,395366.09,121515,50531,442673.56,AppsFlyer,AppsFlyer,2023-11-09,false,,,1,AppsFlyer 2023-11-09,false,,,false,2023-11-09,2026-11-09,56,true,001UR9LX8PF2RFAAAO,Orbit Collective,domain,0,,Prospect,Tobias Diallo,US,2026-05-26,,false,0,,,,,
2026-09-14,APP-1241,Orbit Sleep,sleep.orbitcollective.dev,Photo & Video,PUB-0102,Orbit Collective,orbitcollective.dev,"Android, iOS",4487211,1748014,8471940.68,2009111,782659,3793241.03,2478100,965355,4678699.65,AppsFlyer,AppsFlyer,2023-11-17,false,,,1,AppsFlyer 2023-11-17,false,,,false,2023-11-09,2026-11-09,56,true,001UR9LX8PF2RFAAAO,Orbit Collective,domain,0,,Prospect,Tobias Diallo,US,2026-05-26,,false,0,,,,,
2026-09-14,APP-1242,Orbit Tracker,tracker.orbitcollective.dev,Sports,PUB-0102,Orbit Collective,orbitcollective.dev,"Android, iOS",2615135,965308,9362924.46,1130228,417194,4046536.34,1484907,548114,5316388.12,AppsFlyer,AppsFlyer,2023-12-15,false,,,1,AppsFlyer 2023-12-15,false,,,false,2023-11-09,2026-11-09,56,true,001UR9LX8PF2RFAAAO,Orbit Collective,domain,0,,Prospect,Tobias Diallo,US,2026-05-26,0,true,0,,,,,
2026-09-14,APP-1243,Thistle Go,go.thistlelabs.io,Sports,PUB-0103,Thistle Labs,thistlelabs.io,"Android, iOS",1406278,655244,4584439.51,533601,248627,1739530.19,872677,406617,2844909.32,AppsFlyer,AppsFlyer,2024-12-12,false,,,1,AppsFlyer 2024-12-12,false,,,false,2024-12-12,2026-12-12,89,true,,,unmatched,0,,,,,,,true,,,,,,
2026-09-14,APP-1244,Thistle Chef,chef.thistlelabs.io,Social,PUB-0103,Thistle Labs,thistlelabs.io,"Android, iOS",271938,90659,993305.05,128888,42969,470789.09,143050,47690,522515.96,AppsFlyer,AppsFlyer,2025-01-05,false,,,1,AppsFlyer 2025-01-05,false,,,false,2024-12-12,2026-12-12,89,true,,,unmatched,0,,,,,,,false,,,,,,
2026-09-14,APP-1245,Timber Weather,weather.timberatelier.com,Utilities,PUB-0104,Timber Atelier,timberatelier.com,"Android, iOS",123054,38916,249518.17,51959,16432,105358.31,71095,22484,144159.86,AppsFlyer,AppsFlyer,2022-11-04,false,,,1,AppsFlyer 2022-11-04,false,,,false,2022-10-07,2026-10-07,23,true,001W35VSQWJAA43AAO,Timber Atelier,domain,0,,Prospect,Dara Nandakumar,LATAM,2026-05-09,,false,0,,,,,
2026-09-14,APP-1246,Timber Puzzle,puzzle.timberatelier.com,Education,PUB-0104,Timber Atelier,timberatelier.com,"Android, iOS",1126182,439547,1121629.11,505603,197336,503559.22,620579,242211,618069.89,AppsFlyer,AppsFlyer,2022-10-07,false,,,1,AppsFlyer 2022-10-07,false,,,false,2022-10-07,2026-10-07,23,true,001W35VSQWJAA43AAO,Timber Atelier,domain,0,,Prospect,Dara Nandakumar,LATAM,2026-05-09,0,true,0,,,,,
2026-09-14,APP-1247,Pivot Weather,weather.pivotnetworks.co,Productivity,PUB-0105,Pivot Networks,pivotnetworks.co,"Android, iOS",158587,50161,543426.66,60680,19193,207930.77,97907,30968,335495.89,Adjust,Adjust,2023-12-29,false,,,1,Adjust 2023-12-29,false,,,false,2023-12-24,2026-12-24,101,false,001EL8PYUR1A776AAO,Pivot Networks,domain,0,,Prospect,Dara Nandakumar,LATAM,2026-01-30,0,true,0,,,,,
2026-09-14,APP-1248,Pivot Stream,stream.pivotnetworks.co,Music,PUB-0105,Pivot Networks,pivotnetworks.co,"Android, iOS",197811,77575,343175.27,96250,37746,166980.29,101561,39829,176194.98,Adjust,Adjust,2023-12-24,false,,,1,Adjust 2023-12-24,false,,,false,2023-12-24,2026-12-24,101,false,001EL8PYUR1A776AAO,Pivot Networks,domain,0,,Prospect,Dara Nandakumar,LATAM,2026-01-30,,false,0,,,,,
2026-09-14,APP-1249,Pivot Keys,keys.pivotnetworks.co,Productivity,PUB-0105,Pivot Networks,pivotnetworks.co,"Android, iOS",62031,19153,76325.16,30202,9325,37161.37,31829,9828,39163.79,Adjust,AppsFlyer,2025-10-27,false,Adjust,2023-12-06,2,Adjust 2023-12-06 → AppsFlyer 2025-10-27,true,2025-10-27,322,false,2025-10-27,2026-10-27,43,true,001EL8PYUR1A776AAO,Pivot Networks,domain,0,,Prospect,Dara Nandakumar,LATAM,2026-01-30,,false,0,,,,,
2026-09-14,APP-1250,Jetty Home,home.jettyapps.com,Shopping,PUB-0106,Jetty Apps,jettyapps.com,Android,182745,70752,395595.12,,,,182745,70752,395595.12,Tenjin,Tenjin,2024-10-31,false,,,1,Tenjin 2024-10-31,false,,,false,2024-10-31,2026-10-31,47,true,0012AEJJXA66NVGAAO,Jetty Apps,domain,0,,Churned,Dara Nandakumar,LATAM,2026-08-01,0,true,0,,,,,
2026-09-14,APP-1251,Meridian Arena,arena.meridiansolutions.co,Productivity,PUB-0107,Meridian Solutions,meridiansolutions.co,"Android, iOS",277765,84655,573395.35,106830,32559,220530.81,170935,52096,352864.54,AppsFlyer,AppsFlyer,2023-02-15,false,,,1,AppsFlyer 2023-02-15,false,,,false,2023-02-07,2027-02-07,146,false,00198DVYCQE23VOAAO,Meridian Solutions,domain,0,,Prospect,Priya Okonkwo,APAC,2026-01-21,,false,0,prospect_on_singular_sdk,,,,
2026-09-14,APP-1252,Meridian Rush,rush.meridiansolutions.co,Business,PUB-0107,Meridian Solutions,meridiansolutions.co,"Android, iOS",285112,127249,237497.63,103228,46072,85989.18,181884,81177,151508.45,AppsFlyer,AppsFlyer,2023-02-16,false,,,1,AppsFlyer 2023-02-16,false,,,false,2023-02-07,2027-02-07,146,false,00198DVYCQE23VOAAO,Meridian Solutions,domain,0,,Prospect,Priya Okonkwo,APAC,2026-01-21,,false,0,prospect_on_singular_sdk,,,,
2026-09-14,APP-1253,Meridian Maps,maps.meridiansolutions.co,Finance,PUB-0107,Meridian Solutions,meridiansolutions.co,"Android, iOS",67691,31618,274597.38,24947,11653,101202.84,42744,19965,173394.54,AppsFlyer,Singular,2026-08-23,true,AppsFlyer,2023-03-07,2,AppsFlyer 2023-03-07 → Singular 2026-08-23,true,2026-08-23,22,true,2026-08-23,2027-08-23,343,false,00198DVYCQE23VOAAO,Meridian Solutions,domain,0,,Prospect,Priya Okonkwo,APAC,2026-01-21,,false,0,prospect_on_singular_sdk,,,,
2026-09-14,APP-1254,Meridian Notes,notes.meridiansolutions.co,Entertainment,PUB-0107,Meridian Solutions,meridiansolutions.co,"Android, iOS",1526197,694311,1995185.12,739916,336609,967286.72,786281,357702,1027898.40,AppsFlyer,AppsFlyer,2023-02-07,false,,,1,AppsFlyer 2023-02-07,false,,,false,2023-02-07,2027-02-07,146,false,00198DVYCQE23VOAAO,Meridian Solutions,domain,0,,Prospect,Priya Okonkwo,APAC,2026-01-21,0,true,0,prospect_on_singular_sdk,,,,
2026-09-14,APP-1255,Cedar Fit,fit.cedarsolutions.io,Photo & Video,PUB-0108,Cedar Solutions,cedarsolutions.io,Android,256383,75306,982074.08,,,,256383,75306,982074.08,Singular,Branch,2023-02-16,false,,,1,Branch 2023-02-16,false,,,false,2023-02-16,2027-02-16,155,false,001LETDX8JTYWHHAAO,Cedar Solutions,domain,0,,Prospect,Zara Okonkwo,US,2026-01-09,,false,0,prospect_on_singular_sdk,,,,
2026-09-14,APP-1256,Cedar Vault,vault.cedarsolutions.io,News,PUB-0108,Cedar Solutions,cedarsolutions.io,"Android, iOS",50235,14248,152611.61,20121,5707,61127.71,30114,8541,91483.90,Singular,Branch,2023-03-23,false,,,1,Branch 2023-03-23,false,,,false,2023-02-16,2027-02-16,155,false,001LETDX8JTYWHHAAO,Cedar Solutions,domain,0,,Prospect,Zara Okonkwo,US,2026-01-09,,false,0,prospect_on_singular_sdk,,,,
2026-09-14,APP-1257,Cedar Stay,stay.cedarsolutions.io,Finance,PUB-0108,Cedar Solutions,cedarsolutions.io,"Android, iOS",1652737,633918,2330893.41,793281,304268,1118782.53,859456,329650,1212110.88,Singular,Singular,2026-05-22,true,Branch,2023-02-27,2,Branch 2023-02-27 → Singular 2026-05-22,true,2026-05-22,115,true,2026-05-22,2027-05-22,250,false,001LETDX8JTYWHHAAO,Cedar Solutions,domain,0,,Prospect,Zara Okonkwo,US,2026-01-09,0,true,0,prospect_on_singular_sdk,,,,
2026-09-14,APP-1258,Cedar Bank,bank.cedarsolutions.io,Photo & Video,PUB-0108,Cedar Solutions,cedarsolutions.io,"Android, iOS",20298,7768,44716.08,9974,3817,21971.50,10324,3951,22744.58,Singular,Branch,2023-03-01,false,,,1,Branch 2023-03-01,false,,,false,2023-02-16,2027-02-16,155,false,001LETDX8JTYWHHAAO,Cedar Solutions,domain,0,,Prospect,Zara Okonkwo,US,2026-01-09,,false,0,prospect_on_singular_sdk,,,,
2026-09-14,APP-1259,Hazel Now,now.hazelsystems.io,Social,PUB-0109,Hazel Systems,hazelsystems.io,"Android, iOS",289032,137682,992357.18,102372,48765,351482.10,186660,88917,640875.08,AppsFlyer,Singular,2025-06-19,true,,,1,Singular 2025-06-19,false,,,false,2025-06-04,2027-06-04,263,false,001VQHX28MW11HBAAO,Hazel Systems,domain,0,,Churned,Viktor Costa,EMEA,2025-11-21,,false,0,churned_on_singular_sdk,,,,
2026-09-14,APP-1260,Hazel Blitz,blitz.hazelsystems.io,Utilities,PUB-0109,Hazel Systems,hazelsystems.io,"Android, iOS",55030,19748,196258.90,22566,8098,80478.02,32464,11650,115780.88,AppsFlyer,Singular,2025-06-04,true,,,1,Singular 2025-06-04,false,,,false,2025-06-04,2027-06-04,263,false,001VQHX28MW11HBAAO,Hazel Systems,domain,0,,Churned,Viktor Costa,EMEA,2025-11-21,,false,0,churned_on_singular_sdk,,,,
2026-09-14,APP-1261,Hazel Keys,keys.hazelsystems.io,Travel,PUB-0109,Hazel Systems,hazelsystems.io,"Android, iOS",193876,66704,578357.71,95666,32914,285384.65,98210,33790,292973.06,AppsFlyer,Singular,2025-06-10,true,,,1,Singular 2025-06-10,false,,,false,2025-06-04,2027-06-04,263,false,001VQHX28MW11HBAAO,Hazel Systems,domain,0,,Churned,Viktor Costa,EMEA,2025-11-21,,false,0,churned_on_singular_sdk,,,,
2026-09-14,APP-1262,Hazel Go,go.hazelsystems.io,Finance,PUB-0109,Hazel Systems,hazelsystems.io,"Android, iOS",639630,234348,2669086.22,251529,92155,1049595.81,388101,142193,1619490.41,AppsFlyer,AppsFlyer,2026-01-31,false,Singular,2025-05-11,2,Singular 2025-05-11 → AppsFlyer 2026-01-31,true,2026-01-31,226,false,2026-01-31,2027-01-31,139,false,001VQHX28MW11HBAAO,Hazel Systems,domain,0,,Churned,Viktor Costa,EMEA,2025-11-21,0,true,0,churned_on_singular_sdk,,,,
2026-09-14,APP-1263,Vellum Cards,cards.vellumstudio.com,Music,PUB-0110,Vellum Studio,vellumstudio.com,"Android, iOS",2685338,1215735,1641204.07,1106027,500732,675972.98,1579311,715003,965231.09,AppsFlyer,AppsFlyer,2022-04-22,false,,,1,AppsFlyer 2022-04-22,false,,,false,2022-04-22,2027-04-22,220,false,,,unmatched,0,,,,,,,true,,,,,,
2026-09-14,APP-1264,Vellum Meet,meet.vellumstudio.com,Weather,PUB-0110,Vellum Studio,vellumstudio.com,"Android, iOS",177058,82859,300841.68,62629,29309,106413.59,114429,53550,194428.09,AppsFlyer,Branch,2026-03-23,false,AppsFlyer,2022-05-11,2,AppsFlyer 2022-05-11 → Branch 2026-03-23,true,2026-03-23,175,false,2026-03-23,2027-03-23,190,false,,,unmatched,0,,,,,,,false,,,,,,
2026-09-14,APP-1265,Kiln Quest,quest.kilnstudios.games,Music,PUB-0111,Kiln Studios,kilnstudios.games,"Android, iOS",85845,36375,62964.40,30201,12797,22151.34,55644,23578,40813.06,Airbridge,Branch,2026-04-17,false,Airbridge,2023-09-03,2,Airbridge 2023-09-03 → Branch 2026-04-17,true,2026-04-17,150,false,2026-04-17,2027-04-17,215,false,001T4UAIV4UPF6SAAO,Kiln Studios,domain,0,,Customer,Rin Villalobos,US,2026-04-12,,false,177000,customer_without_singular_sdk,,,,
2026-09-14,APP-1266,Kiln Learn,learn.kilnstudios.games,Health & Fitness,PUB-0111,Kiln Studios,kilnstudios.games,"Android, iOS",286776,104168,1204059.47,107475,39039,451246.88,179301,65129,752812.59,Airbridge,Airbridge,2023-08-18,false,,,1,Airbridge 2023-08-18,false,,,false,2023-08-18,2027-08-18,338,false,001T4UAIV4UPF6SAAO,Kiln Studios,domain,0,,Customer,Rin Villalobos,US,2026-04-12,177000,true,177000,customer_without_singular_sdk,,,,
2026-09-14,APP-1267,Rook Invest,invest.rookunion.co,Business,PUB-0112,Rook Union,rookunion.co,"Android, iOS",235855,95538,609448.19,113812,46102,294089.45,122043,49436,315358.74,Adjust,Adjust,2021-06-14,false,,,1,Adjust 2021-06-14,false,,,false,2021-05-24,2027-05-24,252,false,,,unmatched,0,,,,,,,false,,,,,,
2026-09-14,APP-1268,Rook Freight,freight.rookunion.co,Health & Fitness,PUB-0112,Rook Union,rookunion.co,"Android, iOS",1863662,777627,4253296.10,745667,311135,1701781.00,1117995,466492,2551515.10,Adjust,Adjust,2021-05-24,false,,,1,Adjust 2021-05-24,false,,,false,2021-05-24,2027-05-24,252,false,,,unmatched,0,,,,,,,false,,,,,,
2026-09-14,APP-1269,Rook News,news.rookunion.co,Business,PUB-0112,Rook Union,rookunion.co,"Android, iOS",7915650,2475434,33131004.77,3010249,941385,12599415.63,4905401,1534049,20531589.14,Adjust,Adjust,2021-06-29,false,,,1,Adjust 2021-06-29,false,,,false,2021-05-24,2027-05-24,252,false,,,unmatched,0,,,,,,,true,,,,,,
2026-09-14,APP-1270,Pallas Fit,fit.pallassolutions.dev,Social,PUB-0113,Pallas Solutions,pallassolutions.dev,"Android, iOS",236932,91514,942932.09,84283,32554,335427.08,152649,58960,607505.01,Branch,Branch,2023-09-26,false,,,1,Branch 2023-09-26,false,,,false,2023-09-26,2026-09-26,12,true,00109NLYWAF4U2MAAO,Pallas Solutions,name,0,,Prospect,Dara Nandakumar,LATAM,2026-07-08,0,true,0,,,,,
2026-09-14,APP-1271,Meridian Table,table.meridianstudio.com,Photo & Video,PUB-0114,Meridian Studio,meridianstudio.com,Android,262954,90424,918070.03,,,,262954,90424,918070.03,Adjust,Adjust,2021-04-04,false,,,1,Adjust 2021-04-04,false,,,false,2021-03-27,2027-03-27,194,false,001GJ7ZAM3A55DCAAO,Meridian Studio,domain,0,,Prospect,Camila Haddad,EMEA,2026-01-07,,false,0,,,,,
2026-09-14,APP-1272,Meridian Rush,rush.meridianstudio.com,Food & Drink,PUB-0114,Meridian Studio,meridianstudio.com,"Android, iOS",49722,16978,124795.43,18814,6424,47219.80,30908,10554,77575.63,Adjust,Adjust,2021-05-02,false,,,1,Adjust 2021-05-02,false,,,false,2021-03-27,2027-03-27,194,false,001GJ7ZAM3A55DCAAO,Meridian Studio,domain,0,,Prospect,Camila Haddad,EMEA,2026-01-07,,false,0,,,,,
2026-09-14,APP-1273,Meridian Deck,deck.meridianstudio.com,Travel,PUB-0114,Meridian Studio,meridianstudio.com,"Android, iOS",2677190,1124756,2760358.72,973740,409093,1003990.54,1703450,715663,1756368.18,Adjust,Adjust,2021-03-27,false,,,1,Adjust 2021-03-27,false,,,false,2021-03-27,2027-03-27,194,false,001GJ7ZAM3A55DCAAO,Meridian Studio,domain,0,,Prospect,Camila Haddad,EMEA,2026-01-07,0,true,0,,,,,
2026-09-14,APP-1274,Opal Notes,notes.opalunion.com,Finance,PUB-0115,Opal Union,opalunion.com,"Android, iOS",715940,322962,2068574.30,254490,114801,735302.57,461450,208161,1333271.73,AppsFlyer,AppsFlyer,2022-07-11,false,Adjust,2022-06-15,2,Adjust 2022-06-15 → AppsFlyer 2022-07-11,true,2022-07-11,1526,false,2022-06-08,2027-06-08,267,false,0018QEG119PFIZVAAO,Opal Union,domain,0,,Prospect,,EMEA,2025-08-03,,false,0,,,,,
2026-09-14,APP-1275,Opal Clip,clip.opalunion.com,Health & Fitness,PUB-0115,Opal Union,opalunion.com,"Android, iOS",126002,37705,478148.91,61457,18390,233214.63,64545,19315,244934.28,AppsFlyer,AppsFlyer,2022-06-08,false,,,1,AppsFlyer 2022-06-08,false,,,false,2022-06-08,2027-06-08,267,false,0018QEG119PFIZVAAO,Opal Union,domain,0,,Prospect,,EMEA,2025-08-03,,false,0,,,,,
2026-09-14,APP-1276,Opal Stream,stream.opalunion.com,Education,PUB-0115,Opal Union,opalunion.com,"Android, iOS",2425301,992726,2847243.39,897269,367271,1053371.20,1528032,625455,1793872.19,AppsFlyer,AppsFlyer,2022-07-15,false,,,1,AppsFlyer 2022-07-15,false,,,false,2022-06-08,2027-06-08,267,false,0018QEG119PFIZVAAO,Opal Union,domain,0,,Prospect,,EMEA,2025-08-03,0,true,0,,,,,
2026-09-14,APP-1277,Mosaic Transit,transit.mosaicdynamics.com,Education,PUB-0116,Mosaic Dynamics,mosaicdynamics.com,"Android, iOS",69036,29907,223127.77,24448,10591,79017.40,44588,19316,144110.37,Branch,Branch,2023-09-23,false,,,1,Branch 2023-09-23,false,,,false,2023-09-07,2027-09-07,358,false,001OUOWSH8RXJ2QAAO,Mosaic Dynamics,domain,0,,Customer,Zara Takahashi,APAC,2026-01-17,,false,84000,,,,,
2026-09-14,APP-1278,Mosaic News,news.mosaicdynamics.com,Sports,PUB-0116,Mosaic Dynamics,mosaicdynamics.com,"Android, iOS",20589,9677,88035.72,8558,4022,36591.24,12031,5655,51444.48,Branch,Branch,2023-09-24,false,,,1,Branch 2023-09-24,false,,,false,2023-09-07,2027-09-07,358,false,001OUOWSH8RXJ2QAAO,Mosaic Dynamics,domain,0,,Customer,Zara Takahashi,APAC,2026-01-17,,false,84000,,,,,
2026-09-14,APP-1279,Mosaic Freight,freight.mosaicdynamics.com,Photo & Video,PUB-0116,Mosaic Dynamics,mosaicdynamics.com,"Android, iOS",1157247,349614,841175.23,478835,144660,348053.86,678412,204954,493121.37,Branch,Singular,2025-10-07,true,Branch,2023-09-27,2,Branch 2023-09-27 → Singular 2025-10-07,true,2025-10-07,342,false,2025-10-07,2026-10-07,23,true,001OUOWSH8RXJ2QAAO,Mosaic Dynamics,domain,0,,Customer,Zara Takahashi,APAC,2026-01-17,,false,84000,,,,,
2026-09-14,APP-1280,Mosaic Cart,cart.mosaicdynamics.com,Weather,PUB-0116,Mosaic Dynamics,mosaicdynamics.com,"Android, iOS",41483,12484,135941.90,17140,5158,56167.38,24343,7326,79774.52,Branch,Branch,2023-09-18,false,,,1,Branch 2023-09-18,false,,,false,2023-09-07,2027-09-07,358,false,001OUOWSH8RXJ2QAAO,Mosaic Dynamics,domain,0,,Customer,Zara Takahashi,APAC,2026-01-17,,false,84000,,,,,
2026-09-14,APP-1281,Mosaic Go,go.mosaicdynamics.com,Travel,PUB-0116,Mosaic Dynamics,mosaicdynamics.com,"Android, iOS",2487016,1152096,3191616.16,873692,404733,1121219.03,1613324,747363,2070397.13,Branch,Branch,2023-09-07,false,,,1,Branch 2023-09-07,false,,,false,2023-09-07,2027-09-07,358,false,001OUOWSH8RXJ2QAAO,Mosaic Dynamics,domain,0,,Customer,Zara Takahashi,APAC,2026-01-17,84000,true,84000,,,,,
2026-09-14,APP-1282,Mosaic Blitz,blitz.mosaicdynamics.com,Food & Drink,PUB-0116,Mosaic Dynamics,mosaicdynamics.com,"Android, iOS",139042,45980,324536.10,52444,17343,122408.98,86598,28637,202127.12,Branch,Branch,2023-10-11,false,,,1,Branch 2023-10-11,false,,,false,2023-09-07,2027-09-07,358,false,001OUOWSH8RXJ2QAAO,Mosaic Dynamics,domain,0,,Customer,Zara Takahashi,APAC,2026-01-17,,false,84000,,,,,
2026-09-14,APP-1283,Delta Dating,dating.deltamobile.com,Photo & Video,PUB-0117,Delta Mobile,deltamobile.com,"Android, iOS",74210,27475,262063.01,35749,13235,126242.76,38461,14240,135820.25,AppsFlyer,AppsFlyer,2024-03-18,false,,,1,AppsFlyer 2024-03-18,false,,,false,2024-03-18,2027-03-18,185,false,001D8AX22QXMI53AAO,Delta Mobile,domain,0,,Churned,Viktor Costa,EMEA,2026-07-26,,false,0,,,,,
2026-09-14,APP-1284,Delta Maps,maps.deltamobile.com,Music,PUB-0117,Delta Mobile,deltamobile.com,"Android, iOS",5494723,2613800,3689362.81,2400458,1141881,1611757.65,3094265,1471919,2077605.16,AppsFlyer,AppsFlyer,2024-03-30,false,,,1,AppsFlyer 2024-03-30,false,,,false,2024-03-18,2027-03-18,185,false,001D8AX22QXMI53AAO,Delta Mobile,domain,0,,Churned,Viktor Costa,EMEA,2026-07-26,0,true,0,,,,,
2026-09-14,APP-1285,Zephyr Tutor,tutor.zephyrmedia.io,Business,PUB-0118,Zephyr Media,zephyrmedia.io,iOS,7751568,3411364,33825915.74,7751568,3411364,33825915.74,,,,AppsFlyer,Adjust,2021-09-01,false,,,1,Adjust 2021-09-01,false,,,false,2021-09-01,2027-09-01,352,false,,,unmatched,0,,,,,,,true,,,,,,
2026-09-14,APP-1286,Zephyr Scan,scan.zephyrmedia.io,Music,PUB-0118,Zephyr Media,zephyrmedia.io,"Android, iOS",279095,131998,851650.46,116661,55175,355986.88,162434,76823,495663.58,AppsFlyer,Adjust,2021-09-03,false,,,1,Adjust 2021-09-03,false,,,false,2021-09-01,2027-09-01,352,false,,,unmatched,0,,,,,,,false,,,,,,
2026-09-14,APP-1287,Zephyr Transit,transit.zephyrmedia.io,Utilities,PUB-0118,Zephyr Media,zephyrmedia.io,"Android, iOS",11636941,4372698,17669696.71,4825349,1813173,7326878.05,6811592,2559525,10342818.66,AppsFlyer,AppsFlyer,2026-01-12,false,Adjust,2021-09-04,2,Adjust 2021-09-04 → AppsFlyer 2026-01-12,true,2026-01-12,245,false,2026-01-12,2027-01-12,120,false,,,unmatched,0,,,,,,,false,,,,,,
2026-09-14,APP-1288,Umbra Kids,kids.umbramobile.io,Travel,PUB-0119,Umbra Mobile,umbramobile.io,"Android, iOS",139734,48294,472896.35,53287,18417,180336.88,86447,29877,292559.47,Adjust,Adjust,2021-09-26,false,,,1,Adjust 2021-09-26,false,,,false,2021-09-26,2026-09-26,12,true,,,unmatched,0,,,,,,,true,,,,,,
2026-09-14,APP-1289,Anchor Mind,mind.anchornetworks.com,Productivity,PUB-0120,Anchor Networks,anchornetworks.com,"Android, iOS",227774,73161,427265.30,112178,36032,210427.13,115596,37129,216838.17,Branch,Branch,2021-02-11,false,,,1,Branch 2021-02-11,false,,,false,2021-02-04,2027-02-04,143,false,,,unmatched,0,,,,,,,false,,,,,,
2026-09-14,APP-1290,Anchor Learn,learn.anchornetworks.com,Sports,PUB-0120,Anchor Networks,anchornetworks.com,"Android, iOS",161281,45278,447076.40,72127,20249,199937.26,89154,25029,247139.14,Branch,Branch,2021-02-04,false,,,1,Branch 2021-02-04,false,,,false,2021-02-04,2027-02-04,143,false,,,unmatched,0,,,,,,,true,,,,,,
2026-09-14,APP-1291,Rivet Table,table.rivetapps.com,Sports,PUB-0121,Rivet Apps,rivetapps.com,"Android, iOS",181135,67869,180250.44,72423,27136,72069.81,108712,40733,108180.63,Tenjin,Tenjin,2024-08-02,false,,,1,Tenjin 2024-08-02,false,,,false,2024-08-02,2027-08-02,322,false,00199T9DKZYVLMFAAO,Rivet Apps,domain,0,,Prospect,Tobias Diallo,US,2026-08-04,0,true,0,,,,,
2026-09-14,APP-1292,Umbra Cards,cards.umbraunion.com,Entertainment,PUB-0122,Umbra Union,umbraunion.com,"Android, iOS",13930,6246,14177.56,5288,2371,5382.21,8642,3875,8795.35,Tenjin,AppsFlyer,2025-10-18,false,Tenjin,2022-08-23,2,Tenjin 2022-08-23 → AppsFlyer 2025-10-18,true,2025-10-18,331,false,2025-10-18,2026-10-18,34,true,,,unmatched,0,,,,,,,false,,,,,,
2026-09-14,APP-1293,Umbra Kids,kids.umbraunion.com,Games,PUB-0122,Umbra Union,umbraunion.com,"Android, iOS",133449,51451,295259.02,52002,20049,115055.93,81447,31402,180203.09,Tenjin,Tenjin,2022-08-27,false,,,1,Tenjin 2022-08-27,false,,,false,2022-08-26,2027-08-26,346,false,,,unmatched,0,,,,,,,false,,,,,,
2026-09-14,APP-1294,Umbra News,news.umbraunion.com,Health & Fitness,PUB-0122,Umbra Union,umbraunion.com,"Android, iOS",2975252,972946,1808526.06,1089394,356246,662195.29,1885858,616700,1146330.77,Tenjin,Tenjin,2022-09-22,false,,,1,Tenjin 2022-09-22,false,,,false,2022-08-26,2027-08-26,346,false,,,unmatched,0,,,,,,,false,,,,,,
2026-09-14,APP-1295,Umbra Sleep,sleep.umbraunion.com,Social,PUB-0122,Umbra Union,umbraunion.com,"Android, iOS",107494,47945,437253.49,50010,22306,203424.66,57484,25639,233828.83,Tenjin,Tenjin,2022-08-29,false,,,1,Tenjin 2022-08-29,false,,,false,2022-08-26,2027-08-26,346,false,,,unmatched,0,,,,,,,false,,,,,,
2026-09-14,APP-1296,Umbra Dating,dating.umbraunion.com,Sports,PUB-0122,Umbra Union,umbraunion.com,"Android, iOS",2769543,1057880,5690877.81,1178028,449970,2420621.46,1591515,607910,3270256.35,Tenjin,Tenjin,2022-08-26,false,,,1,Tenjin 2022-08-26,false,,,false,2022-08-26,2027-08-26,346,false,,,unmatched,0,,,,,,,true,,,,,,
2026-09-14,APP-1297,Wharf Style,style.wharfapps.games,Photo & Video,PUB-0123,Wharf Apps,wharfapps.games,"Android, iOS",17563,6067,71512.22,6151,2125,25044.86,11412,3942,46467.36,Airbridge,Airbridge,2023-03-06,false,,,1,Airbridge 2023-03-06,false,,,false,2023-02-18,2027-02-18,157,false,001EBGX15BP04PEAAO,Wharf Apps,domain,0,,Prospect,,US,2026-01-03,,false,0,,,,,
2026-09-14,APP-1298,Wharf Plus,plus.wharfapps.games,Travel,PUB-0123,Wharf Apps,wharfapps.games,"Android, iOS",2933076,876750,4136442.27,1263027,377542,1781215.50,1670049,499208,2355226.77,Airbridge,Airbridge,2023-02-18,false,,,1,Airbridge 2023-02-18,false,,,false,2023-02-18,2027-02-18,157,false,001EBGX15BP04PEAAO,Wharf Apps,domain,0,,Prospect,,US,2026-01-03,0,true,0,,,,,
2026-09-14,APP-1299,Willow Table,table.willowatelier.io,Finance,PUB-0124,Willow Atelier,willowatelier.io,"Android, iOS",82637,29133,153107.98,33216,11710,61541.80,49421,17423,91566.18,Adjust,Branch,2026-03-18,false,Adjust,2023-01-25,2,Adjust 2023-01-25 → Branch 2026-03-18,true,2026-03-18,180,false,2026-03-18,2027-03-18,185,false,001XSNGFNK3BZ2GAAO,Willow Atelier,domain,0,,Customer,Camila Haddad,EMEA,2026-02-21,,false,786000,customer_without_singular_sdk,,,,
2026-09-14,APP-1300,Willow Meet,meet.willowatelier.io,Education,PUB-0124,Willow Atelier,willowatelier.io,"Android, iOS",543176,153066,1334759.63,249899,70421,614083.51,293277,82645,720676.12,Adjust,Adjust,2022-12-30,false,,,1,Adjust 2022-12-30,false,,,false,2022-12-30,2026-12-30,107,false,001XSNGFNK3BZ2GAAO,Willow Atelier,domain,0,,Customer,Camila Haddad,EMEA,2026-02-21,786000,true,786000,customer_without_singular_sdk,,,,
2026-09-14,APP-1301,Petrel Tracker,tracker.petrelstudios.io,Health & Fitness,PUB-0125,Petrel Studios,petrelstudios.io,"Android, iOS",411459,136284,268299.33,181393,60081,118280.91,230066,76203,150018.42,AppsFlyer,Tenjin,2026-05-02,false,AppsFlyer,2025-01-04,2,AppsFlyer 2025-01-04 → Tenjin 2026-05-02,true,2026-05-02,135,false,2026-05-02,2027-05-02,230,false,001TTPKOZ8DX4TRAAO,Petrel Studios,domain,1,001FUE0S20K93Z8AAO,Customer,Viktor Costa,LATAM,2026-03-18,,false,179000,customer_without_singular_sdk,,,,
2026-09-14,APP-1302,Petrel Ride,ride.petrelstudios.io,Food & Drink,PUB-0125,Petrel Studios,petrelstudios.io,"Android, iOS",204744,66694,679720.53,79138,25779,262728.77,125606,40915,416991.76,AppsFlyer,AppsFlyer,2024-12-27,false,,,1,AppsFlyer 2024-12-27,false,,,false,2024-12-19,2026-12-19,96,false,001TTPKOZ8DX4TRAAO,Petrel Studios,domain,1,001FUE0S20K93Z8AAO,Customer,Viktor Costa,LATAM,2026-03-18,,false,179000,customer_without_singular_sdk,,,,
2026-09-14,APP-1303,Petrel Dating,dating.petrelstudios.io,Finance,PUB-0125,Petrel Studios,petrelstudios.io,"Android, iOS",2603984,977272,7681656.18,996304,373912,2939059.64,1607680,603360,4742596.54,AppsFlyer,AppsFlyer,2024-12-19,false,,,1,AppsFlyer 2024-12-19,false,,,false,2024-12-19,2026-12-19,96,false,001TTPKOZ8DX4TRAAO,Petrel Studios,domain,1,001FUE0S20K93Z8AAO,Customer,Viktor Costa,LATAM,2026-03-18,179000,true,179000,customer_without_singular_sdk,,,,
2026-09-14,APP-1304,Petrel Keys,keys.petrelstudios.io,Entertainment,PUB-0125,Petrel Studios,petrelstudios.io,"Android, iOS",80475,33066,301040.57,33655,13828,125897.72,46820,19238,175142.85,AppsFlyer,AppsFlyer,2025-01-21,false,,,1,AppsFlyer 2025-01-21,false,,,false,2024-12-19,2026-12-19,96,false,001TTPKOZ8DX4TRAAO,Petrel Studios,domain,1,001FUE0S20K93Z8AAO,Customer,Viktor Costa,LATAM,2026-03-18,,false,179000,customer_without_singular_sdk,,,,
2026-09-14,APP-1305,Wren Parking,parking.wrengroup.dev,Social,PUB-0126,Wren Group,wrengroup.dev,"Android, iOS",753246,283161,1124052.68,302631,113765,451610.39,450615,169396,672442.29,Branch,Branch,2025-01-14,false,,,1,Branch 2025-01-14,false,,,false,2025-01-14,2027-01-14,122,false,001U4HZ9EHQVXKYAAO,Wren Group,domain,0,,Customer,Dara Nandakumar,LATAM,2025-08-12,96000,true,96000,customer_without_singular_sdk,,,,
2026-09-14,APP-1306,Glimmer Sleep,sleep.glimmerinteractive.ai,Music,PUB-0127,Glimmer Interactive,glimmerinteractive.ai,iOS,236219,78581,644091.30,236219,78581,644091.30,,,,Adjust,Adjust,2022-09-11,false,,,1,Adjust 2022-09-11,false,,,false,2022-09-11,2027-09-11,362,false,001LX98DIN16XFCAAO,Glimmer Interactive,domain,0,,Customer,Dara Nandakumar,LATAM,2026-03-19,62000,true,62000,customer_without_singular_sdk,,,,
2026-09-14,APP-1307,Glimmer Market,market.glimmerinteractive.ai,Lifestyle,PUB-0127,Glimmer Interactive,glimmerinteractive.ai,"Android, iOS",115203,54471,290659.06,51806,24495,130707.53,63397,29976,159951.53,Adjust,Adjust,2022-09-22,false,,,1,Adjust 2022-09-22,false,,,false,2022-09-11,2027-09-11,362,false,001LX98DIN16XFCAAO,Glimmer Interactive,domain,0,,Customer,Dara Nandakumar,LATAM,2026-03-19,,false,62000,customer_without_singular_sdk,,,,
2026-09-14,APP-1308,Wren Dating,dating.wrenventures.com,Lifestyle,PUB-0128,Wren Ventures,wrenventures.com,"Android, iOS",1986594,824939,1201121.03,812630,337447,491326.76,1173964,487492,709794.27,Kochava,Kochava,2024-10-15,false,,,1,Kochava 2024-10-15,false,,,false,2024-10-15,2026-10-15,31,true,,,unmatched,0,,,,,,,true,,,,,,
2026-09-14,APP-1309,Monarch Ride,ride.monarchguild.games,Music,PUB-0129,Monarch Guild,monarchguild.games,"Android, iOS",110959,41316,133628.34,41996,15637,50576.21,68963,25679,83052.13,AppsFlyer,AppsFlyer,2025-08-10,false,,,1,AppsFlyer 2025-08-10,false,,,false,2025-07-25,2027-07-25,314,false,,,unmatched,0,,,,,,,false,,,,,,
2026-09-14,APP-1310,Monarch Studio,studio.monarchguild.games,Sports,PUB-0129,Monarch Guild,monarchguild.games,"Android, iOS",10769194,3214384,43751370.49,5087256,1518442,20667694.72,5681938,1695942,23083675.77,AppsFlyer,AppsFlyer,2025-08-31,false,,,1,AppsFlyer 2025-08-31,false,,,false,2025-07-25,2027-07-25,314,false,,,unmatched,0,,,,,,,true,,,,,,
2026-09-14,APP-1311,Monarch Freight,freight.monarchguild.games,Music,PUB-0129,Monarch Guild,monarchguild.games,iOS,267811,119882,313203.72,267811,119882,313203.72,,,,AppsFlyer,AppsFlyer,2025-08-14,false,,,1,AppsFlyer 2025-08-14,false,,,false,2025-07-25,2027-07-25,314,false,,,unmatched,0,,,,,,,false,,,,,,
2026-09-14,APP-1312,Monarch Keys,keys.monarchguild.games,Entertainment,PUB-0129,Monarch Guild,monarchguild.games,"Android, iOS",176399,57151,551866.08,63276,20500,197959.46,113123,36651,353906.62,AppsFlyer,AppsFlyer,2025-07-25,false,,,1,AppsFlyer 2025-07-25,false,,,false,2025-07-25,2027-07-25,314,false,,,unmatched,0,,,,,,,false,,,,,,
2026-09-14,APP-1313,Monarch Credit,credit.monarchguild.games,Utilities,PUB-0129,Monarch Guild,monarchguild.games,"Android, iOS",2621654,755304,4008909.91,1146104,330195,1752568.90,1475550,425109,2256341.01,AppsFlyer,Singular,2026-04-27,true,AppsFlyer,2025-08-16,2,AppsFlyer 2025-08-16 → Singular 2026-04-27,true,2026-04-27,140,false,2026-04-27,2027-04-27,225,false,,,unmatched,0,,,,,,,false,,,,,,
2026-09-14,APP-1314,Willow Go,go.willowindustries.com,Business,PUB-0130,Willow Industries,willowindustries.com,"Android, iOS",205722,97030,672925.93,83463,39366,273011.48,122259,57664,399914.45,AppsFlyer,AppsFlyer,2025-01-23,false,,,1,AppsFlyer 2025-01-23,false,,,false,2025-01-10,2027-01-10,118,false,,,unmatched,0,,,,,,,false,,,,,,
2026-09-14,APP-1315,Willow Vault,vault.willowindustries.com,Shopping,PUB-0130,Willow Industries,willowindustries.com,"Android, iOS",238025,71693,334903.14,86441,26036,121622.85,151584,45657,213280.29,AppsFlyer,AppsFlyer,2025-01-23,false,,,1,AppsFlyer 2025-01-23,false,,,false,2025-01-10,2027-01-10,118,false,,,unmatched,0,,,,,,,false,,,,,,
2026-09-14,APP-1316,Willow Bank,bank.willowindustries.com,Finance,PUB-0130,Willow Industries,willowindustries.com,"Android, iOS",17441,6781,65818.98,7440,2893,28077.38,10001,3888,37741.60,AppsFlyer,AppsFlyer,2025-02-01,false,,,1,AppsFlyer 2025-02-01,false,,,false,2025-01-10,2027-01-10,118,false,,,unmatched,0,,,,,,,false,,,,,,
2026-09-14,APP-1317,Willow Studio,studio.willowindustries.com,Social,PUB-0130,Willow Industries,willowindustries.com,"Android, iOS",123045,35822,104175.39,56421,16426,47768.87,66624,19396,56406.52,AppsFlyer,AppsFlyer,2025-01-10,false,,,1,AppsFlyer 2025-01-10,false,,,false,2025-01-10,2027-01-10,118,false,,,unmatched,0,,,,,,,false,,,,,,
2026-09-14,APP-1318,Willow Charge,charge.willowindustries.com,Productivity,PUB-0130,Willow Industries,willowindustries.com,"Android, iOS",10031196,4630201,29086570.41,3885799,1793607,11267306.53,6145397,2836594,17819263.88,AppsFlyer,AppsFlyer,2025-01-12,false,,,1,AppsFlyer 2025-01-12,false,,,false,2025-01-10,2027-01-10,118,false,,,unmatched,0,,,,,,,true,,,,,,
2026-09-14,APP-1319,Willow Blitz,blitz.willowindustries.com,Weather,PUB-0130,Willow Industries,willowindustries.com,"Android, iOS",2033185,630472,2364301.65,789588,244844,918177.64,1243597,385628,1446124.01,AppsFlyer,AppsFlyer,2025-01-21,false,,,1,AppsFlyer 2025-01-21,false,,,false,2025-01-10,2027-01-10,118,false,,,unmatched,0,,,,,,,false,,,,,,
2026-09-14,APP-1320,Elm News,news.elmtechnologies.com,Games,PUB-0131,Elm Technologies,elmtechnologies.com,"Android, iOS",3391824,1613609,13463354.19,1244116,591869,4938339.00,2147708,1021740,8525015.19,Kochava,Kochava,2023-07-03,false,,,1,Kochava 2023-07-03,false,,,false,2023-05-25,2027-05-25,253,false,00180CA51BGSW5TAAO,Elm Technologies,domain,0,,Customer,Anders Costa,EMEA,2026-02-04,98000,true,98000,customer_without_singular_sdk,,,,
2026-09-14,APP-1321,Elm Stream,stream.elmtechnologies.com,Weather,PUB-0131,Elm Technologies,elmtechnologies.com,"Android, iOS",2432883,905014,3282345.16,1133907,421805,1529820.32,1298976,483209,1752524.84,Kochava,Kochava,2023-05-25,false,,,1,Kochava 2023-05-25,false,,,false,2023-05-25,2027-05-25,253,false,00180CA51BGSW5TAAO,Elm Technologies,domain,0,,Customer,Anders Costa,EMEA,2026-02-04,,false,98000,customer_without_singular_sdk,,,,
2026-09-14,APP-1322,Elm Tutor,tutor.elmtechnologies.com,Sports,PUB-0131,Elm Technologies,elmtechnologies.com,"Android, iOS",2756363,936609,2793026.10,972370,330410,985304.07,1783993,606199,1807722.03,Kochava,Kochava,2023-05-26,false,,,1,Kochava 2023-05-26,false,,,false,2023-05-25,2027-05-25,253,false,00180CA51BGSW5TAAO,Elm Technologies,domain,0,,Customer,Anders Costa,EMEA,2026-02-04,,false,98000,customer_without_singular_sdk,,,,
2026-09-14,APP-1323,Ferrous Care,care.ferrousplay.io,Shopping,PUB-0132,Ferrous Play,ferrousplay.io,"Android, iOS",2276869,869430,3590348.10,1096684,418773,1729339.12,1180185,450657,1861008.98,AppsFlyer,AppsFlyer,2024-11-26,false,,,1,AppsFlyer 2024-11-26,false,,,false,2024-10-16,2026-10-16,32,true,,,unmatched,0,,,,,,,false,,,,,,
2026-09-14,APP-1324,Ferrous Radio,radio.ferrousplay.io,Food & Drink,PUB-0132,Ferrous Play,ferrousplay.io,"Android, iOS",164541,53060,547341.28,58361,18820,194136.18,106180,34240,353205.10,AppsFlyer,AppsFlyer,2024-10-16,false,,,1,AppsFlyer 2024-10-16,false,,,false,2024-10-16,2026-10-16,32,true,,,unmatched,0,,,,,,,false,,,,,,
2026-09-14,APP-1325,Ferrous Puzzle,puzzle.ferrousplay.io,Social,PUB-0132,Ferrous Play,ferrousplay.io,Android,1933651,779970,6865875.04,,,,1933651,779970,6865875.04,AppsFlyer,Adjust,2026-05-18,false,AppsFlyer,2024-10-29,2,AppsFlyer 2024-10-29 → Adjust 2026-05-18,true,2026-05-18,119,true,2026-05-18,2027-05-18,246,false,,,unmatched,0,,,,,,,true,,,,,,
2026-09-14,APP-1326,Ferrous Freight,freight.ferrousplay.io,Business,PUB-0132,Ferrous Play,ferrousplay.io,"Android, iOS",34093,10812,149510.13,16658,5283,73053.04,17435,5529,76457.09,AppsFlyer,AppsFlyer,2024-10-18,false,,,1,AppsFlyer 2024-10-18,false,,,false,2024-10-16,2026-10-16,32,true,,,unmatched,0,,,,,,,false,,,,,,
2026-09-14,APP-1327,Amber Studio,studio.amberapps.net,Finance,PUB-0133,Amber Apps,amberapps.net,"Android, iOS",585951,217083,2022656.92,227525,84293,785399.34,358426,132790,1237257.58,Adjust,Adjust,2021-08-09,false,,,1,Adjust 2021-08-09,false,,,false,2021-07-30,2027-07-30,319,false,,,unmatched,0,,,,,,,false,,,001D0917WNRMQIDAAO,Amber Apps Holdings,Prospect,Rin Villalobos
2026-09-14,APP-1328,Amber Now,now.amberapps.net,Education,PUB-0133,Amber Apps,amberapps.net,"Android, iOS",259181,94096,877713.87,98943,35921,335070.68,160238,58175,542643.19,Adjust,Adjust,2021-08-16,false,,,1,Adjust 2021-08-16,false,,,false,2021-07-30,2027-07-30,319,false,,,unmatched,0,,,,,,,false,,,001D0917WNRMQIDAAO,Amber Apps Holdings,Prospect,Rin Villalobos
2026-09-14,APP-1329,Amber Mind,mind.amberapps.net,Lifestyle,PUB-0133,Amber Apps,amberapps.net,iOS,2677399,1180562,8274609.73,2677399,1180562,8274609.73,,,,Adjust,Adjust,2021-08-12,false,,,1,Adjust 2021-08-12,false,,,false,2021-07-30,2027-07-30,319,false,,,unmatched,0,,,,,,,false,,,001D0917WNRMQIDAAO,Amber Apps Holdings,Prospect,Rin Villalobos
2026-09-14,APP-1330,Amber Plus,plus.amberapps.net,Health & Fitness,PUB-0133,Amber Apps,amberapps.net,Android,9817262,3149383,26342514.58,,,,9817262,3149383,26342514.58,Adjust,Adjust,2021-07-30,false,,,1,Adjust 2021-07-30,false,,,false,2021-07-30,2027-07-30,319,false,,,unmatched,0,,,,,,,true,,,001D0917WNRMQIDAAO,Amber Apps Holdings,Prospect,Rin Villalobos
2026-09-14,APP-1331,Thistle Freight,freight.thistleinteractive.io,Shopping,PUB-0134,Thistle Interactive,thistleinteractive.io,iOS,2977522,974422,2874830.46,2977522,974422,2874830.46,,,,Tenjin,Tenjin,2026-04-25,false,Adjust,2024-02-19,2,Adjust 2024-02-19 → Tenjin 2026-04-25,true,2026-04-25,142,false,2026-04-25,2027-04-25,223,false,0011LOMT0V417YHAAO,Thistle Interactive,domain,0,,Prospect,Zara Takahashi,APAC,2026-06-23,0,true,0,,,,,
2026-09-14,APP-1332,Thistle Maps,maps.thistleinteractive.io,Lifestyle,PUB-0134,Thistle Interactive,thistleinteractive.io,"Android, iOS",286518,108475,1212959.83,126029,47714,533538.70,160489,60761,679421.13,Tenjin,Adjust,2024-03-26,false,,,1,Adjust 2024-03-26,false,,,false,2024-03-26,2027-03-26,193,false,0011LOMT0V417YHAAO,Thistle Interactive,domain,0,,Prospect,Zara Takahashi,APAC,2026-06-23,,false,0,,,,,
2026-09-14,APP-1333,Lantern Ride,ride.lanterngroup.com,Productivity,PUB-0135,Lantern Group,lanterngroup.com,"Android, iOS",201871,76512,231396.73,78784,29860,90307.57,123087,46652,141089.16,Airbridge,Airbridge,2024-11-12,false,,,1,Airbridge 2024-11-12,false,,,false,2024-11-12,2026-11-12,59,true,,,unmatched,0,,,,,,,true,,,001A47O0HHIM7RHAAO,Lantern Group Holdings,Partner,Dara Nandakumar
2026-09-14,APP-1334,Fable Freight,freight.fablecollective.io,Health & Fitness,PUB-0136,Fable Collective,fablecollective.io,"Android, iOS",189958,88160,723350.02,69581,32293,264962.19,120377,55867,458387.83,Kochava,Kochava,2023-03-21,false,,,1,Kochava 2023-03-21,false,,,false,2023-03-21,2027-03-21,188,false,,,unmatched,0,,,,,,,true,,,,,,
2026-09-14,APP-1335,Northwind Lite,lite.northwindunion.com,Music,PUB-0137,Northwind Union,northwindunion.com,Android,520173,234570,1223899.12,,,,520173,234570,1223899.12,Adjust,Adjust,2022-03-12,false,,,1,Adjust 2022-03-12,false,,,false,2022-03-12,2027-03-12,179,false,,,unmatched,0,,,,,,,true,,,,,,
2026-09-14,APP-1336,Northwind Stream,stream.northwindunion.com,News,PUB-0137,Northwind Union,northwindunion.com,"Android, iOS",160186,61246,315979.21,73969,28281,145909.32,86217,32965,170069.89,Adjust,Adjust,2022-03-12,false,,,1,Adjust 2022-03-12,false,,,false,2022-03-12,2027-03-12,179,false,,,unmatched,0,,,,,,,false,,,,,,
2026-09-14,APP-1337,Northwind Calm,calm.northwindunion.com,Entertainment,PUB-0137,Northwind Union,northwindunion.com,"Android, iOS",116559,43561,516518.08,41246,15415,182779.85,75313,28146,333738.23,Adjust,Adjust,2022-03-25,false,,,1,Adjust 2022-03-25,false,,,false,2022-03-12,2027-03-12,179,false,,,unmatched,0,,,,,,,false,,,,,,
2026-09-14,APP-1338,Vesper Invest,invest.vesperapps.com,Shopping,PUB-0138,Vesper Apps,vesperapps.com,"Android, iOS",2978905,1406585,13291562.03,1153874,544839,5148467.54,1825031,861746,8143094.49,AppsFlyer,AppsFlyer,2022-08-18,false,,,1,AppsFlyer 2022-08-18,false,,,false,2022-08-02,2027-08-02,322,false,001XGUFVHIRME8WAAO,Vesper Apps,domain,0,,Prospect,Zara Okonkwo,US,2025-08-08,0,true,0,,,,,
2026-09-14,APP-1339,Vesper Tutor,tutor.vesperapps.com,News,PUB-0138,Vesper Apps,vesperapps.com,iOS,1404183,423763,1352032.73,1404183,423763,1352032.73,,,,AppsFlyer,AppsFlyer,2022-08-21,false,,,1,AppsFlyer 2022-08-21,false,,,false,2022-08-02,2027-08-02,322,false,001XGUFVHIRME8WAAO,Vesper Apps,domain,0,,Prospect,Zara Okonkwo,US,2025-08-08,,false,0,,,,,
2026-09-14,APP-1340,Vesper Pro,pro.vesperapps.com,Sports,PUB-0138,Vesper Apps,vesperapps.com,"Android, iOS",1098212,393496,2049288.50,476031,170565,888284.43,622181,222931,1161004.07,AppsFlyer,AppsFlyer,2022-08-08,false,,,1,AppsFlyer 2022-08-08,false,,,false,2022-08-02,2027-08-02,322,false,001XGUFVHIRME8WAAO,Vesper Apps,domain,0,,Prospect,Zara Okonkwo,US,2025-08-08,,false,0,,,,,
2026-09-14,APP-1341,Vesper Transit,transit.vesperapps.com,Shopping,PUB-0138,Vesper Apps,vesperapps.com,"Android, iOS",291588,124693,748671.97,111944,47871,287423.66,179644,76822,461248.31,AppsFlyer,AppsFlyer,2022-08-02,false,,,1,AppsFlyer 2022-08-02,false,,,false,2022-08-02,2027-08-02,322,false,001XGUFVHIRME8WAAO,Vesper Apps,domain,0,,Prospect,Zara Okonkwo,US,2025-08-08,,false,0,,,,,
2026-09-14,APP-1342,Ionic Blitz,blitz.ionicholdings.app,Travel,PUB-0139,Ionic Holdings,ionicholdings.app,"Android, iOS",154434,44684,536846.08,70561,20416,245285.29,83873,24268,291560.79,AppsFlyer,AppsFlyer,2024-08-13,false,,,1,AppsFlyer 2024-08-13,false,,,false,2024-08-13,2027-08-13,333,false,001ILSTZ8FC5IOKAAO,Ionic Holdings,domain,0,,Prospect,Dara Nandakumar,LATAM,2026-01-17,,false,0,,,,,
2026-09-14,APP-1343,Ionic Credit,credit.ionicholdings.app,Shopping,PUB-0139,Ionic Holdings,ionicholdings.app,"Android, iOS",275726,82299,734355.66,128932,38484,343392.41,146794,43815,390963.25,AppsFlyer,AppsFlyer,2024-09-07,false,,,1,AppsFlyer 2024-09-07,false,,,false,2024-08-13,2027-08-13,333,false,001ILSTZ8FC5IOKAAO,Ionic Holdings,domain,0,,Prospect,Dara Nandakumar,LATAM,2026-01-17,0,true,0,,,,,
2026-09-14,APP-1344,Dune Cam,cam.dunemobile.com,Weather,PUB-0140,Dune Mobile,dunemobile.com,"Android, iOS",2459937,892481,10738851.53,930489,337587,4062050.07,1529448,554894,6676801.46,Adjust,Adjust,2026-06-29,false,Kochava,2021-10-20,2,Kochava 2021-10-20 → Adjust 2026-06-29,true,2026-06-29,77,true,2026-06-29,2027-06-29,288,false,,,unmatched,0,,,,,,,true,,,001TAB9SFR7MJFMAAO,Dune Mobile Holdings,Prospect,Anders Costa
2026-09-14,APP-1345,Dune Bank,bank.dunemobile.com,Entertainment,PUB-0140,Dune Mobile,dunemobile.com,"Android, iOS",1040558,325813,1697534.53,510069,159710,832111.51,530489,166103,865423.02,Adjust,Kochava,2021-10-11,false,,,1,Kochava 2021-10-11,false,,,false,2021-10-11,2026-10-11,27,true,,,unmatched,0,,,,,,,false,,,001TAB9SFR7MJFMAAO,Dune Mobile Holdings,Prospect,Anders Costa
2026-09-14,APP-1346,Dune Pulse,pulse.dunemobile.com,Photo & Video,PUB-0140,Dune Mobile,dunemobile.com,"Android, iOS",224793,100741,374656.38,87446,39189,145744.07,137347,61552,228912.31,Adjust,Kochava,2021-11-19,false,,,1,Kochava 2021-11-19,false,,,false,2021-10-11,2026-10-11,27,true,,,unmatched,0,,,,,,,false,,,001TAB9SFR7MJFMAAO,Dune Mobile Holdings,Prospect,Anders Costa
2026-09-14,APP-1347,Monarch Pulse,pulse.monarchatelier.io,Music,PUB-0141,Monarch Atelier,monarchatelier.io,Android,287400,112717,764413.60,,,,287400,112717,764413.60,AppsFlyer,AppsFlyer,2021-08-13,false,,,1,AppsFlyer 2021-08-13,false,,,false,2021-07-24,2027-07-24,313,false,00147G1XW9UAHSUAAO,Monarch Atelier,domain,0,,Churned,Rin Villalobos,US,2026-05-05,,false,0,,,,,
2026-09-14,APP-1348,Monarch Pro,pro.monarchatelier.io,Social,PUB-0141,Monarch Atelier,monarchatelier.io,"Android, iOS",681572,210842,1072659.17,306005,94662,481591.26,375567,116180,591067.91,AppsFlyer,AppsFlyer,2021-07-24,false,,,1,AppsFlyer 2021-07-24,false,,,false,2021-07-24,2027-07-24,313,false,00147G1XW9UAHSUAAO,Monarch Atelier,domain,0,,Churned,Rin Villalobos,US,2026-05-05,,false,0,,,,,
2026-09-14,APP-1349,Monarch Home,home.monarchatelier.io,Shopping,PUB-0141,Monarch Atelier,monarchatelier.io,"Android, iOS",1287893,478116,2067183.11,642928,238680,1031957.40,644965,239436,1035225.71,AppsFlyer,AppsFlyer,2021-08-18,false,,,1,AppsFlyer 2021-08-18,false,,,false,2021-07-24,2027-07-24,313,false,00147G1XW9UAHSUAAO,Monarch Atelier,domain,0,,Churned,Rin Villalobos,US,2026-05-05,0,true,0,,,,,
2026-09-14,APP-1350,Hollow Style,style.hollowdigital.co,Music,PUB-0142,Hollow Digital,hollowdigital.co,"Android, iOS",911720,261106,2588994.11,443853,127114,1260399.77,467867,133992,1328594.34,AppsFlyer,AppsFlyer,2024-11-04,false,,,1,AppsFlyer 2024-11-04,false,,,false,2024-09-28,2026-09-28,14,true,001CMEKOUJQLU06AAO,Hollow Digital,domain,0,,Prospect,Priya Okonkwo,APAC,2025-11-27,,false,0,,,,,
2026-09-14,APP-1351,Hollow Pay,pay.hollowdigital.co,Social,PUB-0142,Hollow Digital,hollowdigital.co,"Android, iOS",1887815,813927,4314006.52,769995,331981,1759580.70,1117820,481946,2554425.82,AppsFlyer,AppsFlyer,2024-10-07,false,,,1,AppsFlyer 2024-10-07,false,,,false,2024-09-28,2026-09-28,14,true,001CMEKOUJQLU06AAO,Hollow Digital,domain,0,,Prospect,Priya Okonkwo,APAC,2025-11-27,,false,0,,,,,
2026-09-14,APP-1352,Hollow Tracker,tracker.hollowdigital.co,Productivity,PUB-0142,Hollow Digital,hollowdigital.co,"Android, iOS",106281,47756,148720.38,50981,22908,71338.86,55300,24848,77381.52,AppsFlyer,AppsFlyer,2024-09-28,false,,,1,AppsFlyer 2024-09-28,false,,,false,2024-09-28,2026-09-28,14,true,001CMEKOUJQLU06AAO,Hollow Digital,domain,0,,Prospect,Priya Okonkwo,APAC,2025-11-27,,false,0,,,,,
2026-09-14,APP-1353,Hollow Weather,weather.hollowdigital.co,Travel,PUB-0142,Hollow Digital,hollowdigital.co,"Android, iOS",1445809,688965,4664032.49,528087,251647,1703555.68,917722,437318,2960476.81,AppsFlyer,AppsFlyer,2024-10-29,false,,,1,AppsFlyer 2024-10-29,false,,,false,2024-09-28,2026-09-28,14,true,001CMEKOUJQLU06AAO,Hollow Digital,domain,0,,Prospect,Priya Okonkwo,APAC,2025-11-27,0,true,0,,,,,
2026-09-14,APP-1354,Hollow Clip,clip.hollowdigital.co,Education,PUB-0142,Hollow Digital,hollowdigital.co,"Android, iOS",27352,8221,118586.03,9889,2972,42876.28,17463,5249,75709.75,AppsFlyer,AppsFlyer,2024-09-30,false,,,1,AppsFlyer 2024-09-30,false,,,false,2024-09-28,2026-09-28,14,true,001CMEKOUJQLU06AAO,Hollow Digital,domain,0,,Prospect,Priya Okonkwo,APAC,2025-11-27,,false,0,,,,,
2026-09-14,APP-1355,Lyre Scan,scan.lyreventures.io,Shopping,PUB-0143,Lyre Ventures,lyreventures.io,"Android, iOS",91104,34425,221179.16,36591,13826,88834.45,54513,20599,132344.71,AppsFlyer,AppsFlyer,2021-11-04,false,,,1,AppsFlyer 2021-11-04,false,,,false,2021-11-04,2026-11-04,51,true,001DIE4CRSXB0UDAAO,Lyre Ventures,domain,0,,Churned,Dara Nandakumar,LATAM,2025-08-12,0,true,0,,,,,
2026-09-14,APP-1356,Bramble Eats,eats.brambleinteractive.com,Photo & Video,PUB-0144,Bramble Interactive,brambleinteractive.com,"Android, iOS",147568,46244,117482.02,69482,21774,55316.40,78086,24470,62165.62,Adjust,AppsFlyer,2021-03-06,false,,,1,AppsFlyer 2021-03-06,false,,,false,2021-03-06,2027-03-06,173,false,0011HSS5BN1C0ZNAAO,Bramble Interactive,domain,0,,Partner,Dara Nandakumar,LATAM,2026-02-19,,false,0,,,,,
2026-09-14,APP-1357,Bramble Now,now.brambleinteractive.com,Travel,PUB-0144,Bramble Interactive,brambleinteractive.com,"Android, iOS",2240562,738237,9907755.42,921408,303592,4074461.40,1319154,434645,5833294.02,Adjust,Adjust,2026-06-01,false,AppsFlyer,2021-03-08,2,AppsFlyer 2021-03-08 → Adjust 2026-06-01,true,2026-06-01,105,true,2026-06-01,2027-06-01,260,false,0011HSS5BN1C0ZNAAO,Bramble Interactive,domain,0,,Partner,Dara Nandakumar,LATAM,2026-02-19,0,true,0,,,,,
2026-09-14,APP-1358,Flint Credit,credit.flintmobile.io,Weather,PUB-0145,Flint Mobile,flintmobile.io,"Android, iOS",150959,52307,418454.25,65409,22664,181313.21,85550,29643,237141.04,AppsFlyer,AppsFlyer,2022-01-23,false,,,1,AppsFlyer 2022-01-23,false,,,false,2022-01-06,2027-01-06,114,false,0013D3ODH2RTOGCAAO,Flint Mobile,domain,0,,Prospect,,LATAM,2026-04-29,,false,0,,,,,
2026-09-14,APP-1359,Flint Freight,freight.flintmobile.io,Shopping,PUB-0145,Flint Mobile,flintmobile.io,Android,2043261,748509,4329357.62,,,,2043261,748509,4329357.62,AppsFlyer,AppsFlyer,2022-01-06,false,,,1,AppsFlyer 2022-01-06,false,,,false,2022-01-06,2027-01-06,114,false,0013D3ODH2RTOGCAAO,Flint Mobile,domain,0,,Prospect,,LATAM,2026-04-29,0,true,0,,,,,
2026-09-14,APP-1360,Bramble Saga,saga.brambleholdings.com,Finance,PUB-0146,Bramble Holdings,brambleholdings.com,"Android, iOS",1685336,719802,3404179.34,707461,302155,1428988.10,977875,417647,1975191.24,Adjust,Adjust,2021-06-17,false,,,1,Adjust 2021-06-17,false,,,false,2021-06-17,2027-06-17,276,false,001SRBZ8I88RJ51AAO,Bramble Holdings,domain,0,,Prospect,Anders Costa,EMEA,2026-07-27,0,true,0,,,,,
2026-09-14,APP-1361,Bramble Learn,learn.brambleholdings.com,Health & Fitness,PUB-0146,Bramble Holdings,brambleholdings.com,"Android, iOS",189287,66584,174756.01,89700,31553,82814.12,99587,35031,91941.89,Adjust,Adjust,2021-07-23,false,,,1,Adjust 2021-07-23,false,,,false,2021-06-17,2027-06-17,276,false,001SRBZ8I88RJ51AAO,Bramble Holdings,domain,0,,Prospect,Anders Costa,EMEA,2026-07-27,,false,0,,,,,
2026-09-14,APP-1362,Bramble Weather,weather.brambleholdings.com,Music,PUB-0146,Bramble Holdings,brambleholdings.com,"Android, iOS",158137,72141,193936.27,60864,27766,74642.87,97273,44375,119293.40,Adjust,Adjust,2021-06-22,false,,,1,Adjust 2021-06-22,false,,,false,2021-06-17,2027-06-17,276,false,001SRBZ8I88RJ51AAO,Bramble Holdings,domain,0,,Prospect,Anders Costa,EMEA,2026-07-27,,false,0,,,,,
2026-09-14,APP-1363,Slate Home,home.slateatelier.io,Weather,PUB-0147,Slate Atelier,slateatelier.io,"Android, iOS",134834,64103,284856.64,48898,23247,103303.86,85936,40856,181552.78,Branch,Adjust,2024-03-15,false,,,1,Adjust 2024-03-15,false,,,false,2024-03-15,2027-03-15,182,false,001PEDL2KU6ZYA4AAO,Slate Atelier,domain,0,,Churned,Camila Haddad,EMEA,2026-08-25,,false,0,,,,,
2026-09-14,APP-1364,Slate Cards,cards.slateatelier.io,Finance,PUB-0147,Slate Atelier,slateatelier.io,"Android, iOS",4042099,1896200,10021605.10,1930023,905398,4785120.59,2112076,990802,5236484.51,Branch,Branch,2025-11-23,false,Adjust,2024-04-14,2,Adjust 2024-04-14 → Branch 2025-11-23,true,2025-11-23,295,false,2025-11-23,2026-11-23,70,true,001PEDL2KU6ZYA4AAO,Slate Atelier,domain,0,,Churned,Camila Haddad,EMEA,2026-08-25,0,true,0,,,,,
2026-09-14,APP-1365,Monarch Notes,notes.monarchapplications.net,Photo & Video,PUB-0148,Monarch Applications,monarchapplications.net,"Android, iOS",199422,88961,356243.35,70623,31505,126160.57,128799,57456,230082.78,Branch,Branch,2023-08-07,false,,,1,Branch 2023-08-07,false,,,false,2023-07-11,2027-07-11,300,false,001JLXR2BUM14OYAAO,Monarch Applications,domain,0,,Prospect,Zara Takahashi,APAC,2026-02-25,,false,0,,,,,
2026-09-14,APP-1366,Monarch Clip,clip.monarchapplications.net,Social,PUB-0148,Monarch Applications,monarchapplications.net,"Android, iOS",8365738,3305765,24464683.43,3895375,1539278,11391598.36,4470363,1766487,13073085.07,Branch,Branch,2023-07-24,false,,,1,Branch 2023-07-24,false,,,false,2023-07-11,2027-07-11,300,false,001JLXR2BUM14OYAAO,Monarch Applications,domain,0,,Prospect,Zara Takahashi,APAC,2026-02-25,0,true,0,,,,,
2026-09-14,APP-1367,Monarch Rush,rush.monarchapplications.net,Shopping,PUB-0148,Monarch Applications,monarchapplications.net,"Android, iOS",2247892,936827,5385498.79,866419,361087,2075765.45,1381473,575740,3309733.34,Branch,Branch,2023-07-11,false,,,1,Branch 2023-07-11,false,,,false,2023-07-11,2027-07-11,300,false,001JLXR2BUM14OYAAO,Monarch Applications,domain,0,,Prospect,Zara Takahashi,APAC,2026-02-25,,false,0,,,,,
2026-09-14,APP-1368,Monarch Cart,cart.monarchapplications.net,Entertainment,PUB-0148,Monarch Applications,monarchapplications.net,Android,1322844,408262,5248424.93,,,,1322844,408262,5248424.93,Branch,Branch,2023-07-26,false,,,1,Branch 2023-07-26,false,,,false,2023-07-11,2027-07-11,300,false,001JLXR2BUM14OYAAO,Monarch Applications,domain,0,,Prospect,Zara Takahashi,APAC,2026-02-25,,false,0,,,,,
2026-09-14,APP-1369,Quartz Table,table.quartzmobile.com,Lifestyle,PUB-0149,Quartz Mobile,quartzmobile.com,"Android, iOS",2105758,978619,4709225.43,991774,460912,2217959.89,1113984,517707,2491265.54,AppsFlyer,AppsFlyer,2023-08-28,false,,,1,AppsFlyer 2023-08-28,false,,,false,2023-08-12,2027-08-12,332,false,,,unmatched,0,,,,,,,true,,,,,,
2026-09-14,APP-1370,Quartz Maps,maps.quartzmobile.com,Music,PUB-0149,Quartz Mobile,quartzmobile.com,"Android, iOS",287729,84283,519477.98,141184,41356,254899.15,146545,42927,264578.83,AppsFlyer,AppsFlyer,2023-08-12,false,,,1,AppsFlyer 2023-08-12,false,,,false,2023-08-12,2027-08-12,332,false,,,unmatched,0,,,,,,,false,,,,,,
2026-09-14,APP-1371,Quartz Coach,coach.quartzmobile.com,Music,PUB-0149,Quartz Mobile,quartzmobile.com,"Android, iOS",1139088,448165,1029950.68,556867,219095,503513.12,582221,229070,526437.56,AppsFlyer,Kochava,2026-01-05,false,AppsFlyer,2023-09-02,2,AppsFlyer 2023-09-02 → Kochava 2026-01-05,true,2026-01-05,252,false,2026-01-05,2027-01-05,113,false,,,unmatched,0,,,,,,,false,,,,,,
2026-09-14,APP-1372,Zephyr Style,style.zephyrcollective.app,Health & Fitness,PUB-0150,Zephyr Collective,zephyrcollective.app,"Android, iOS",173191,68776,485654.79,72214,28677,202499.28,100977,40099,283155.51,AppsFlyer,AppsFlyer,2022-02-17,false,,,1,AppsFlyer 2022-02-17,false,,,false,2022-02-08,2027-02-08,147,false,001XIIRGXDHYJDLAAO,Zephyr Collective,domain,0,,Prospect,Dara Nandakumar,LATAM,2026-01-03,,false,0,,,,,
2026-09-14,APP-1373,Zephyr News,news.zephyrcollective.app,Business,PUB-0150,Zephyr Collective,zephyrcollective.app,"Android, iOS",7520209,3258036,22674088.09,3661514,1586305,11039785.55,3858695,1671731,11634302.54,AppsFlyer,AppsFlyer,2022-02-09,false,,,1,AppsFlyer 2022-02-09,false,,,false,2022-02-08,2027-02-08,147,false,001XIIRGXDHYJDLAAO,Zephyr Collective,domain,0,,Prospect,Dara Nandakumar,LATAM,2026-01-03,,false,0,,,,,
2026-09-14,APP-1374,Zephyr Stay,stay.zephyrcollective.app,Education,PUB-0150,Zephyr Collective,zephyrcollective.app,"Android, iOS",11786803,4527567,45754603.27,5590460,2147417,21701328.93,6196343,2380150,24053274.34,AppsFlyer,AppsFlyer,2022-02-08,false,Adjust,2022-01-28,2,Adjust 2022-01-28 → AppsFlyer 2022-02-08,true,2022-02-08,1679,false,2022-02-08,2027-02-08,147,false,001XIIRGXDHYJDLAAO,Zephyr Collective,domain,0,,Prospect,Dara Nandakumar,LATAM,2026-01-03,0,true,0,,,,,
2026-09-14,APP-1375,Zephyr Tap,tap.zephyrcollective.app,Photo & Video,PUB-0150,Zephyr Collective,zephyrcollective.app,"Android, iOS",92915,36050,92742.88,40896,15867,40819.84,52019,20183,51923.04,AppsFlyer,AppsFlyer,2022-03-03,false,,,1,AppsFlyer 2022-03-03,false,,,false,2022-02-08,2027-02-08,147,false,001XIIRGXDHYJDLAAO,Zephyr Collective,domain,0,,Prospect,Dara Nandakumar,LATAM,2026-01-03,,false,0,,,,,
2026-09-14,APP-1376,Xenon Daily,daily.xenontechnologies.io,Productivity,PUB-0151,Xenon Technologies,xenontechnologies.io,"Android, iOS",180734,84542,650703.82,76041,35570,273774.56,104693,48972,376929.26,Branch,Branch,2024-06-15,false,,,1,Branch 2024-06-15,false,,,false,2024-05-27,2027-05-27,255,false,,,unmatched,0,,,,,,,true,,,,,,
2026-09-14,APP-1377,Xenon Quest,quest.xenontechnologies.io,Photo & Video,PUB-0151,Xenon Technologies,xenontechnologies.io,"Android, iOS",136243,48224,269478.29,67115,23756,132747.63,69128,24468,136730.66,Branch,Branch,2024-05-27,false,,,1,Branch 2024-05-27,false,,,false,2024-05-27,2027-05-27,255,false,,,unmatched,0,,,,,,,false,,,,,,
2026-09-14,APP-1378,Wren Clip,clip.wrenapps.net,Finance,PUB-0152,Wren Apps,wrenapps.net,"Android, iOS",871438,314468,1847144.71,367768,132713,779540.50,503670,181755,1067604.21,AppsFlyer,AppsFlyer,2023-01-09,false,,,1,AppsFlyer 2023-01-09,false,,,false,2023-01-09,2027-01-09,117,false,001RTIYHXCFEQBYAAO,Wren Apps,domain,0,,Prospect,Viktor Costa,EMEA,2025-12-07,0,true,0,,,,,
2026-09-14,APP-1379,Granite Ride,ride.granitefoundry.ai,Food & Drink,PUB-0153,Granite Foundry,granitefoundry.ai,iOS,237278,66695,915754.85,237278,66695,915754.85,,,,AppsFlyer,AppsFlyer,2024-05-10,false,,,1,AppsFlyer 2024-05-10,false,,,false,2024-05-10,2027-05-10,238,false,001FZW6QZSH8U3RAAO,Granite Foundry,domain,0,,Prospect,,APAC,2026-05-26,,false,0,,,,,
2026-09-14,APP-1380,Granite Tutor,tutor.granitefoundry.ai,Photo & Video,PUB-0153,Granite Foundry,granitefoundry.ai,"Android, iOS",54417,18223,196421.76,19108,6399,68973.49,35309,11824,127448.27,AppsFlyer,AppsFlyer,2024-05-24,false,,,1,AppsFlyer 2024-05-24,false,,,false,2024-05-10,2027-05-10,238,false,001FZW6QZSH8U3RAAO,Granite Foundry,domain,0,,Prospect,,APAC,2026-05-26,,false,0,,,,,
2026-09-14,APP-1381,Granite Transit,transit.granitefoundry.ai,Entertainment,PUB-0153,Granite Foundry,granitefoundry.ai,"Android, iOS",2410834,751116,8657678.68,1134592,353492,4074494.49,1276242,397624,4583184.19,AppsFlyer,AppsFlyer,2024-05-30,false,,,1,AppsFlyer 2024-05-30,false,,,false,2024-05-10,2027-05-10,238,false,001FZW6QZSH8U3RAAO,Granite Foundry,domain,0,,Prospect,,APAC,2026-05-26,0,true,0,,,,,
2026-09-14,APP-1382,Amber Calm,calm.amberfoundry.net,Business,PUB-0154,Amber Foundry,amberfoundry.net,"Android, iOS",84004,26222,301436.04,29924,9341,107379.68,54080,16881,194056.36,Branch,Tenjin,2022-01-11,false,,,1,Tenjin 2022-01-11,false,,,false,2022-01-11,2027-01-11,119,false,001WT7R4WH9XB1SAAO,Amber Foundry,domain,0,,Prospect,Anders Costa,EMEA,2026-05-30,,false,0,,,,,
2026-09-14,APP-1383,Amber Health,health.amberfoundry.net,Music,PUB-0154,Amber Foundry,amberfoundry.net,"Android, iOS",287284,104488,378932.50,102522,37288,135227.93,184762,67200,243704.57,Branch,Branch,2026-09-06,false,Tenjin,2022-01-11,2,Tenjin 2022-01-11 → Branch 2026-09-06,true,2026-09-06,8,true,2026-09-06,2027-09-06,357,false,001WT7R4WH9XB1SAAO,Amber Foundry,domain,0,,Prospect,Anders Costa,EMEA,2026-05-30,0,true,0,,,,,
2026-09-14,APP-1384,Ivory Health,health.ivoryapplications.com,Weather,PUB-0155,Ivory Applications,ivoryapplications.com,"Android, iOS",2510685,1026559,7937533.88,1020692,417336,3226918.79,1489993,609223,4710615.09,Kochava,Kochava,2021-06-25,false,,,1,Kochava 2021-06-25,false,,,false,2021-06-13,2027-06-13,272,false,001MIFN4IOT0MMUAAO,Ivory Applications,domain,0,,Prospect,Zara Takahashi,APAC,2026-01-07,,false,0,,,,,
2026-09-14,APP-1385,Ivory Ride,ride.ivoryapplications.com,Education,PUB-0155,Ivory Applications,ivoryapplications.com,"Android, iOS",5540567,2291054,8810504.09,2314765,957168,3680894.87,3225802,1333886,5129609.22,Kochava,Adjust,2026-04-13,false,Kochava,2021-07-11,2,Kochava 2021-07-11 → Adjust 2026-04-13,true,2026-04-13,154,false,2026-04-13,2027-04-13,211,false,001MIFN4IOT0MMUAAO,Ivory Applications,domain,0,,Prospect,Zara Takahashi,APAC,2026-01-07,0,true,0,,,,,
2026-09-14,APP-1386,Ivory Calm,calm.ivoryapplications.com,Shopping,PUB-0155,Ivory Applications,ivoryapplications.com,"Android, iOS",258886,117310,982335.73,98276,44532,372905.72,160610,72778,609430.01,Kochava,Kochava,2021-07-01,false,,,1,Kochava 2021-07-01,false,,,false,2021-06-13,2027-06-13,272,false,001MIFN4IOT0MMUAAO,Ivory Applications,domain,0,,Prospect,Zara Takahashi,APAC,2026-01-07,,false,0,,,,,
2026-09-14,APP-1387,Ivory Puzzle,puzzle.ivoryapplications.com,Sports,PUB-0155,Ivory Applications,ivoryapplications.com,"Android, iOS",2828281,1241224,7904501.18,1109668,486991,3101309.44,1718613,754233,4803191.74,Kochava,Kochava,2021-06-13,false,,,1,Kochava 2021-06-13,false,,,false,2021-06-13,2027-06-13,272,false,001MIFN4IOT0MMUAAO,Ivory Applications,domain,0,,Prospect,Zara Takahashi,APAC,2026-01-07,,false,0,,,,,
2026-09-14,APP-1388,Harbor Daily,daily.harbordynamics.com,Productivity,PUB-0156,Harbor Dynamics,harbordynamics.com,"Android, iOS",1416954,495339,3843774.08,634734,221890,1721844.84,782220,273449,2121929.24,Kochava,Branch,2022-09-13,false,,,1,Branch 2022-09-13,false,,,false,2022-09-13,2027-09-13,364,false,001CLZEBI4E2HMIAAO,Harbor Dynamics,domain,0,,Customer,Dara Nandakumar,LATAM,2026-04-07,,false,50000,customer_without_singular_sdk,,,,
2026-09-14,APP-1389,Harbor News,news.harbordynamics.com,Sports,PUB-0156,Harbor Dynamics,harbordynamics.com,"Android, iOS",221616,103006,333685.60,83590,38852,125860.85,138026,64154,207824.75,Kochava,Branch,2022-10-20,false,,,1,Branch 2022-10-20,false,,,false,2022-09-13,2027-09-13,364,false,001CLZEBI4E2HMIAAO,Harbor Dynamics,domain,0,,Customer,Dara Nandakumar,LATAM,2026-04-07,,false,50000,customer_without_singular_sdk,,,,
2026-09-14,APP-1390,Harbor Keys,keys.harbordynamics.com,Shopping,PUB-0156,Harbor Dynamics,harbordynamics.com,"Android, iOS",1501584,623592,6537306.03,712078,295718,3100105.63,789506,327874,3437200.40,Kochava,Branch,2022-10-01,false,,,1,Branch 2022-10-01,false,,,false,2022-09-13,2027-09-13,364,false,001CLZEBI4E2HMIAAO,Harbor Dynamics,domain,0,,Customer,Dara Nandakumar,LATAM,2026-04-07,,false,50000,customer_without_singular_sdk,,,,
2026-09-14,APP-1391,Harbor Credit,credit.harbordynamics.com,Weather,PUB-0156,Harbor Dynamics,harbordynamics.com,"Android, iOS",9632170,3254707,13412383.13,4601895,1554979,6407941.20,5030275,1699728,7004441.93,Kochava,Kochava,2025-12-20,false,Branch,2022-09-29,2,Branch 2022-09-29 → Kochava 2025-12-20,true,2025-12-20,268,false,2025-12-20,2026-12-20,97,false,001CLZEBI4E2HMIAAO,Harbor Dynamics,domain,0,,Customer,Dara Nandakumar,LATAM,2026-04-07,50000,true,50000,customer_without_singular_sdk,,,,
2026-09-14,APP-1392,Echo Maps,maps.echogroup.app,Business,PUB-0157,Echo Group,echogroup.app,"Android, iOS",226247,67327,600370.66,82218,24467,218174.96,144029,42860,382195.70,Tenjin,Tenjin,2025-02-04,false,,,1,Tenjin 2025-02-04,false,,,false,2025-02-04,2027-02-04,143,false,001TSZ1K54G1KB7AAO,Echo Group,domain,0,,Prospect,Tobias Diallo,US,2026-09-08,,false,0,,,,,
2026-09-14,APP-1393,Echo Puzzle,puzzle.echogroup.app,Shopping,PUB-0157,Echo Group,echogroup.app,"Android, iOS",2309738,1032949,8827484.91,1150208,514390,4395928.76,1159530,518559,4431556.15,Tenjin,Tenjin,2025-02-09,false,,,1,Tenjin 2025-02-09,false,,,false,2025-02-04,2027-02-04,143,false,001TSZ1K54G1KB7AAO,Echo Group,domain,0,,Prospect,Tobias Diallo,US,2026-09-08,0,true,0,,,,,
2026-09-14,APP-1394,Willow Home,home.willowmedia.io,Weather,PUB-0158,Willow Media,willowmedia.io,"Android, iOS",8522498,3738391,20262327.78,3670316,1609983,8726215.85,4852182,2128408,11536111.93,AppsFlyer,AppsFlyer,2021-06-01,false,,,1,AppsFlyer 2021-06-01,false,,,false,2021-06-01,2027-06-01,260,false,001OKX7YM3QKDO3AAO,Willow Media,domain,0,,Prospect,Dara Nandakumar,LATAM,2026-03-16,0,true,0,,,,,
2026-09-14,APP-1395,Basalt Vault,vault.basaltmedia.com,Shopping,PUB-0159,Basalt Media,basaltmedia.com,"Android, iOS",2948986,1043167,8799679.29,1173972,415278,3503096.12,1775014,627889,5296583.17,AppsFlyer,AppsFlyer,2024-10-03,false,,,1,AppsFlyer 2024-10-03,false,,,false,2024-10-03,2026-10-03,19,true,001OEZHTU1T4CR5AAO,Basalt Media,name,0,,Prospect,Viktor Costa,EMEA,2026-08-20,0,true,0,,,,,
2026-09-14,APP-1396,Basalt Radio,radio.basaltmedia.com,Utilities,PUB-0159,Basalt Media,basaltmedia.com,"Android, iOS",222565,89822,248370.42,94365,38083,105305.99,128200,51739,143064.43,AppsFlyer,Adjust,2026-04-23,false,AppsFlyer,2024-09-14,2,AppsFlyer 2024-09-14 → Adjust 2026-04-23,true,2026-04-23,144,false,2026-04-23,2027-04-23,221,false,001OEZHTU1T4CR5AAO,Basalt Media,name,0,,Prospect,Viktor Costa,EMEA,2026-08-20,,false,0,,,,,
2026-09-14,APP-1397,Upland Tap,tap.uplandplay.com,Entertainment,PUB-0160,Upland Play,uplandplay.com,"Android, iOS",103883,38528,144982.53,36706,13613,51228.16,67177,24915,93754.37,AppsFlyer,AppsFlyer,2022-01-11,false,,,1,AppsFlyer 2022-01-11,false,,,false,2022-01-11,2027-01-11,119,false,001GI5FSRINJJ3YAAO,Upland Play,domain,0,,Prospect,Zara Takahashi,APAC,2026-03-29,,false,0,,,,,
2026-09-14,APP-1398,Upland Kids,kids.uplandplay.com,Lifestyle,PUB-0160,Upland Play,uplandplay.com,"Android, iOS",2164412,958754,2242946.20,919061,407110,952408.07,1245351,551644,1290538.13,AppsFlyer,AppsFlyer,2022-02-10,false,,,1,AppsFlyer 2022-02-10,false,,,false,2022-01-11,2027-01-11,119,false,001GI5FSRINJJ3YAAO,Upland Play,domain,0,,Prospect,Zara Takahashi,APAC,2026-03-29,0,true,0,,,,,
2026-09-14,APP-1399,Ferrous Tutor,tutor.ferroushouse.com,Games,PUB-0161,Ferrous House,ferroushouse.com,"Android, iOS",7015504,2150077,16389621.47,3101893,950653,7246643.64,3913611,1199424,9142977.83,AppsFlyer,AppsFlyer,2023-01-02,false,,,1,AppsFlyer 2023-01-02,false,,,false,2023-01-02,2027-01-02,110,false,,,unmatched,0,,,,,,,true,,,,,,
2026-09-14,APP-1400,Ferrous Cards,cards.ferroushouse.com,Sports,PUB-0161,Ferrous House,ferroushouse.com,"Android, iOS",2735010,1190461,6064571.52,1078475,469425,2391396.14,1656535,721036,3673175.38,AppsFlyer,AppsFlyer,2023-01-06,false,,,1,AppsFlyer 2023-01-06,false,,,false,2023-01-02,2027-01-02,110,false,,,unmatched,0,,,,,,,false,,,,,,
2026-09-14,APP-1401,Ferrous Studio,studio.ferroushouse.com,Education,PUB-0161,Ferrous House,ferroushouse.com,"Android, iOS",53813,17692,91681.94,20008,6578,34088.19,33805,11114,57593.75,AppsFlyer,Adjust,2026-06-07,false,AppsFlyer,2023-01-09,2,AppsFlyer 2023-01-09 → Adjust 2026-06-07,true,2026-06-07,99,true,2026-06-07,2027-06-07,266,false,,,unmatched,0,,,,,,,false,,,,,,
2026-09-14,APP-1402,Mosaic Keys,keys.mosaicsolutions.com,Business,PUB-0162,Mosaic Solutions,mosaicsolutions.com,"Android, iOS",707002,249975,424844.55,325575,115114,195641.09,381427,134861,229203.46,Kochava,Kochava,2025-12-10,false,Adjust,2022-02-17,2,Adjust 2022-02-17 → Kochava 2025-12-10,true,2025-12-10,278,false,2025-12-10,2026-12-10,87,true,001VQ6RH116O3NSAAO,Mosaic Solutions,domain,0,,Prospect,Anders Costa,EMEA,2026-03-20,0,true,0,,,,,
2026-09-14,APP-1403,Mosaic Scan,scan.mosaicsolutions.com,Photo & Video,PUB-0162,Mosaic Solutions,mosaicsolutions.com,"Android, iOS",235832,76888,422676.94,103666,33798,185798.13,132166,43090,236878.81,Kochava,Adjust,2022-02-10,false,,,1,Adjust 2022-02-10,false,,,false,2022-02-10,2027-02-10,149,false,001VQ6RH116O3NSAAO,Mosaic Solutions,domain,0,,Prospect,Anders Costa,EMEA,2026-03-20,,false,0,,,,,
2026-09-14,APP-1404,Crimson Now,now.crimsonindustries.app,Games,PUB-0163,Crimson Industries,crimsonindustries.app,"Android, iOS",2354299,1044486,5173246.70,1065864,472871,2342090.01,1288435,571615,2831156.69,Singular,Adjust,2026-05-31,false,Singular,2021-09-19,2,Singular 2021-09-19 → Adjust 2026-05-31,true,2026-05-31,106,true,2026-05-31,2027-05-31,259,false,0016O8WT03G5GD7AAO,Crimson Industries,name,0,,Prospect,Zara Takahashi,APAC,2025-10-09,0,true,0,prospect_on_singular_sdk,,,,
2026-09-14,APP-1405,Crimson Pro,pro.crimsonindustries.app,Social,PUB-0163,Crimson Industries,crimsonindustries.app,"Android, iOS",2596146,950287,3303841.66,1018893,372953,1296638.35,1577253,577334,2007203.31,Singular,Singular,2021-10-03,true,,,1,Singular 2021-10-03,false,,,false,2021-10-03,2026-10-03,19,true,0016O8WT03G5GD7AAO,Crimson Industries,name,0,,Prospect,Zara Takahashi,APAC,2025-10-09,,false,0,prospect_on_singular_sdk,,,,
2026-09-14,APP-1406,Quarry Daily,daily.quarryatelier.com,Education,PUB-0164,Quarry Atelier,quarryatelier.com,"Android, iOS",135758,56469,447134.03,47747,19860,157259.12,88011,36609,289874.91,Branch,Kochava,2023-01-29,false,,,1,Kochava 2023-01-29,false,,,false,2023-01-29,2027-01-29,137,false,001RHY2KJRX8O01AAO,Quarry Atelier,domain,1,001MJR6L0F81DN0AAO,Partner,Camila Haddad,EMEA,2026-07-11,,false,0,,,,,
2026-09-14,APP-1407,Quarry Kids,kids.quarryatelier.com,Food & Drink,PUB-0164,Quarry Atelier,quarryatelier.com,"Android, iOS",2355767,958740,2288731.17,1076073,437936,1045452.68,1279694,520804,1243278.49,Branch,Branch,2025-11-18,false,Kochava,2023-02-02,2,Kochava 2023-02-02 → Branch 2025-11-18,true,2025-11-18,300,false,2025-11-18,2026-11-18,65,true,001RHY2KJRX8O01AAO,Quarry Atelier,domain,1,001MJR6L0F81DN0AAO,Partner,Camila Haddad,EMEA,2026-07-11,0,true,0,,,,,
2026-09-14,APP-1408,Ivory Table,table.ivorydigital.co,Weather,PUB-0165,Ivory Digital,ivorydigital.co,"Android, iOS",167138,59422,485004.75,70422,25037,204352.57,96716,34385,280652.18,Branch,Adjust,2022-10-07,false,,,1,Adjust 2022-10-07,false,,,false,2022-10-07,2026-10-07,23,true,001KOK7X1QQQEOKAAO,Ivory Digital,domain,0,,Prospect,Dara Nandakumar,LATAM,2026-04-14,,false,0,,,,,
2026-09-14,APP-1409,Ivory Pay,pay.ivorydigital.co,Productivity,PUB-0165,Ivory Digital,ivorydigital.co,"Android, iOS",96993,28371,408485.22,36381,10642,153218.58,60612,17729,255266.64,Branch,Adjust,2022-10-07,false,,,1,Adjust 2022-10-07,false,,,false,2022-10-07,2026-10-07,23,true,001KOK7X1QQQEOKAAO,Ivory Digital,domain,0,,Prospect,Dara Nandakumar,LATAM,2026-04-14,,false,0,,,,,
2026-09-14,APP-1410,Ivory Saga,saga.ivorydigital.co,Games,PUB-0165,Ivory Digital,ivorydigital.co,"Android, iOS",855637,280615,1328458.38,352117,115480,546694.93,503520,165135,781763.45,Branch,Branch,2026-07-15,false,Adjust,2022-08-29,2,Adjust 2022-08-29 → Branch 2026-07-15,true,2026-07-15,61,true,2026-07-15,2027-07-15,304,false,001KOK7X1QQQEOKAAO,Ivory Digital,domain,0,,Prospect,Dara Nandakumar,LATAM,2026-04-14,0,true,0,,,,,
2026-09-14,APP-1411,Nomad Arena,arena.nomadguild.co,Utilities,PUB-0166,Nomad Guild,nomadguild.co,"Android, iOS",77821,26060,49190.78,33465,11206,21153.27,44356,14854,28037.51,Singular,Singular,2024-07-07,true,,,1,Singular 2024-07-07,false,,,false,2024-07-07,2027-07-07,296,false,001PFL5AJ9H9FUEAAO,Nomad Guild,domain,0,,Prospect,Priya Okonkwo,APAC,2026-03-03,,false,0,prospect_on_singular_sdk,,,,
2026-09-14,APP-1412,Nomad Blitz,blitz.nomadguild.co,Business,PUB-0166,Nomad Guild,nomadguild.co,"Android, iOS",216989,91174,485759.83,80592,33863,180416.62,136397,57311,305343.21,Singular,Singular,2024-07-29,true,,,1,Singular 2024-07-29,false,,,false,2024-07-07,2027-07-07,296,false,001PFL5AJ9H9FUEAAO,Nomad Guild,domain,0,,Prospect,Priya Okonkwo,APAC,2026-03-03,0,true,0,prospect_on_singular_sdk,,,,
2026-09-14,APP-1413,Onyx Stream,stream.onyxnetworks.games,Productivity,PUB-0167,Onyx Networks,onyxnetworks.games,"Android, iOS",18644,6791,50938.98,9127,3324,24936.01,9517,3467,26002.97,AppsFlyer,Adjust,2022-08-10,false,,,1,Adjust 2022-08-10,false,,,false,2022-08-10,2027-08-10,330,false,001OIS0XIL0FJH0AAO,Onyx Networks,domain,0,,Prospect,Priya Okonkwo,APAC,2026-05-03,,false,0,,,,,
2026-09-14,APP-1414,Onyx Vault,vault.onyxnetworks.games,Sports,PUB-0167,Onyx Networks,onyxnetworks.games,"Android, iOS",58549,27339,189479.78,23030,10754,74532.33,35519,16585,114947.45,AppsFlyer,Adjust,2022-09-24,false,,,1,Adjust 2022-09-24,false,,,false,2022-08-10,2027-08-10,330,false,001OIS0XIL0FJH0AAO,Onyx Networks,domain,0,,Prospect,Priya Okonkwo,APAC,2026-05-03,,false,0,,,,,
2026-09-14,APP-1415,Onyx Plus,plus.onyxnetworks.games,Business,PUB-0167,Onyx Networks,onyxnetworks.games,"Android, iOS",2748218,1237673,4968249.87,1063742,479061,1923041.02,1684476,758612,3045208.85,AppsFlyer,AppsFlyer,2026-06-12,false,Adjust,2022-09-08,2,Adjust 2022-09-08 → AppsFlyer 2026-06-12,true,2026-06-12,94,true,2026-06-12,2027-06-12,271,false,001OIS0XIL0FJH0AAO,Onyx Networks,domain,0,,Prospect,Priya Okonkwo,APAC,2026-05-03,0,true,0,,,,,
2026-09-14,APP-1416,Pallas Table,table.pallasstudio.com,Shopping,PUB-0168,Pallas Studio,pallasstudio.com,"Android, iOS",2131265,752399,8583611.51,834878,294736,3362450.11,1296387,457663,5221161.40,AppsFlyer,AppsFlyer,2021-12-08,false,,,1,AppsFlyer 2021-12-08,false,,,false,2021-12-07,2026-12-07,84,true,001RDB67EZOOV3VAAO,Pallas Studio,domain,0,,Prospect,Dara Nandakumar,LATAM,2026-03-22,0,true,0,,,,,
2026-09-14,APP-1417,Pallas Blitz,blitz.pallasstudio.com,Weather,PUB-0168,Pallas Studio,pallasstudio.com,"Android, iOS",211483,90233,560632.00,88078,37580,233490.79,123405,52653,327141.21,AppsFlyer,AppsFlyer,2021-12-07,false,,,1,AppsFlyer 2021-12-07,false,,,false,2021-12-07,2026-12-07,84,true,001RDB67EZOOV3VAAO,Pallas Studio,domain,0,,Prospect,Dara Nandakumar,LATAM,2026-03-22,,false,0,,,,,
2026-09-14,APP-1418,Sundial Arena,arena.sundialcompany.games,Social,PUB-0169,Sundial Company,sundialcompany.games,"Android, iOS",2372743,916786,3214434.93,1010858,390578,1369444.13,1361885,526208,1844990.80,AppsFlyer,AppsFlyer,2021-05-11,false,,,1,AppsFlyer 2021-05-11,false,,,false,2021-05-04,2027-05-04,232,false,001XPC9CCJMQA6NAAO,Sundial Company,domain,0,,Prospect,Anders Costa,EMEA,2026-04-03,,false,0,,,,,
2026-09-14,APP-1419,Sundial Studio,studio.sundialcompany.games,Business,PUB-0169,Sundial Company,sundialcompany.games,"Android, iOS",2205830,773243,8949403.56,1095974,384188,4446539.38,1109856,389055,4502864.18,AppsFlyer,AppsFlyer,2021-05-04,false,Branch,2021-05-02,2,Branch 2021-05-02 → AppsFlyer 2021-05-04,true,2021-05-04,1959,false,2021-05-04,2027-05-04,232,false,001XPC9CCJMQA6NAAO,Sundial Company,domain,0,,Prospect,Anders Costa,EMEA,2026-04-03,0,true,0,,,,,
2026-09-14,APP-1420,Dune Credit,credit.duneunion.com,Sports,PUB-0170,Dune Union,duneunion.com,"Android, iOS",17944,5472,45923.71,7655,2334,19592.72,10289,3138,26330.99,Tenjin,Tenjin,2023-02-07,false,,,1,Tenjin 2023-02-07,false,,,false,2023-02-07,2027-02-07,146,false,00116O90OYBXNWDAAO,Dune Union,domain,0,,Prospect,Camila Haddad,EMEA,2026-06-18,0,true,0,,,,,
2026-09-14,APP-1421,Indigo Ride,ride.indigopartners.dev,Music,PUB-0171,Indigo Partners,indigopartners.dev,"Android, iOS",1412547,454062,4893121.16,586071,188392,2030174.76,826476,265670,2862946.40,Kochava,Kochava,2023-02-01,false,,,1,Kochava 2023-02-01,false,,,false,2023-02-01,2027-02-01,140,false,,,unmatched,0,,,,,,,true,,,,,,
2026-09-14,APP-1422,Indigo News,news.indigopartners.dev,Finance,PUB-0171,Indigo Partners,indigopartners.dev,"Android, iOS",153851,65375,476055.37,56216,23888,173948.36,97635,41487,302107.01,Kochava,Kochava,2023-02-02,false,,,1,Kochava 2023-02-02,false,,,false,2023-02-01,2027-02-01,140,false,,,unmatched,0,,,,,,,false,,,,,,
2026-09-14,APP-1423,Cinder Arena,arena.cinderdynamics.com,Shopping,PUB-0172,Cinder Dynamics,cinderdynamics.com,"Android, iOS",284165,98708,947147.37,123001,42726,409974.48,161164,55982,537172.89,Airbridge,Airbridge,2023-10-17,false,,,1,Airbridge 2023-10-17,false,,,false,2023-10-17,2026-10-17,33,true,001XW8Z8XWZ6JKOAAO,Cinder Dynamics,domain,0,,Prospect,Dara Nandakumar,LATAM,2026-06-27,0,true,0,,,,,
2026-09-14,APP-1424,Cinder Charge,charge.cinderdynamics.com,Music,PUB-0172,Cinder Dynamics,cinderdynamics.com,"Android, iOS",347253,123494,239886.68,143404,50999,99065.47,203849,72495,140821.21,Airbridge,Airbridge,2023-10-28,false,,,1,Airbridge 2023-10-28,false,,,false,2023-10-17,2026-10-17,33,true,001XW8Z8XWZ6JKOAAO,Cinder Dynamics,domain,0,,Prospect,Dara Nandakumar,LATAM,2026-06-27,,false,0,,,,,
2026-09-14,APP-1425,Solstice Tracker,tracker.solsticeventures.io,Business,PUB-0173,Solstice Ventures,solsticeventures.io,"Android, iOS",253232,90937,240244.54,126295,45353,119817.52,126937,45584,120427.02,Branch,Branch,2022-10-19,false,,,1,Branch 2022-10-19,false,,,false,2022-09-27,2026-09-27,13,true,0018CRIULMWNSYVAAO,Solstice Ventures,domain,0,,Prospect,Dara Nandakumar,LATAM,2026-05-11,,false,0,,,,,
2026-09-14,APP-1426,Solstice Tap,tap.solsticeventures.io,Photo & Video,PUB-0173,Solstice Ventures,solsticeventures.io,"Android, iOS",2211635,865127,2284814.46,978096,382602,1010459.23,1233539,482525,1274355.23,Branch,Branch,2022-10-20,false,,,1,Branch 2022-10-20,false,,,false,2022-09-27,2026-09-27,13,true,0018CRIULMWNSYVAAO,Solstice Ventures,domain,0,,Prospect,Dara Nandakumar,LATAM,2026-05-11,0,true,0,,,,,
2026-09-14,APP-1427,Solstice Vault,vault.solsticeventures.io,Travel,PUB-0173,Solstice Ventures,solsticeventures.io,"Android, iOS",160985,71691,118082.27,61450,27365,45073.57,99535,44326,73008.70,Branch,Branch,2022-09-27,false,,,1,Branch 2022-09-27,false,,,false,2022-09-27,2026-09-27,13,true,0018CRIULMWNSYVAAO,Solstice Ventures,domain,0,,Prospect,Dara Nandakumar,LATAM,2026-05-11,,false,0,,,,,
2026-09-14,APP-1428,Indigo Bank,bank.indigosystems.com,Lifestyle,PUB-0174,Indigo Systems,indigosystems.com,iOS,113429,40131,102956.97,113429,40131,102956.97,,,,AppsFlyer,AppsFlyer,2023-10-21,false,,,1,AppsFlyer 2023-10-21,false,,,false,2023-10-10,2026-10-10,26,true,,,unmatched,0,,,,,,,false,,,0015IXPQMCYF07QAAO,Indigo Systems Holdings,Customer,Viktor Costa
2026-09-14,APP-1429,Indigo Chef,chef.indigosystems.com,Sports,PUB-0174,Indigo Systems,indigosystems.com,"Android, iOS",204843,94076,865023.72,98763,45358,417063.47,106080,48718,447960.25,AppsFlyer,AppsFlyer,2023-10-10,false,,,1,AppsFlyer 2023-10-10,false,,,false,2023-10-10,2026-10-10,26,true,,,unmatched,0,,,,,,,true,,,0015IXPQMCYF07QAAO,Indigo Systems Holdings,Customer,Viktor Costa
2026-09-14,APP-1430,Northwind Weather,weather.northwindventures.com,Weather,PUB-0175,Northwind Ventures,northwindventures.com,"Android, iOS",247937,87241,867876.22,98897,34798,346177.29,149040,52443,521698.93,AppsFlyer,AppsFlyer,2022-04-09,false,,,1,AppsFlyer 2022-04-09,false,,,false,2022-04-09,2027-04-09,207,false,0013P9IE1RF032XAAO,Northwind Ventures,domain,0,,Prospect,Zara Takahashi,APAC,2025-08-10,0,true,0,,,,,
2026-09-14,APP-1431,Lumen Arena,arena.lumensolutions.com,Education,PUB-0176,Lumen Solutions,lumensolutions.com,"Android, iOS",249193,115010,698889.07,119611,55204,335462.87,129582,59806,363426.20,AppsFlyer,AppsFlyer,2023-07-14,false,,,1,AppsFlyer 2023-07-14,false,,,false,2023-07-05,2027-07-05,294,false,001Y55CSW6PRNROAAO,Lumen Solutions,domain,0,,Partner,Priya Okonkwo,APAC,2026-02-19,,false,0,,,,,
2026-09-14,APP-1432,Lumen Plus,plus.lumensolutions.com,Food & Drink,PUB-0176,Lumen Solutions,lumensolutions.com,iOS,78130,36660,239153.04,78130,36660,239153.04,,,,AppsFlyer,AppsFlyer,2023-07-15,false,,,1,AppsFlyer 2023-07-15,false,,,false,2023-07-05,2027-07-05,294,false,001Y55CSW6PRNROAAO,Lumen Solutions,domain,0,,Partner,Priya Okonkwo,APAC,2026-02-19,,false,0,,,,,
2026-09-14,APP-1433,Lumen Pulse,pulse.lumensolutions.com,Food & Drink,PUB-0176,Lumen Solutions,lumensolutions.com,"Android, iOS",278489,118719,831092.45,112405,47918,335449.86,166084,70801,495642.59,AppsFlyer,AppsFlyer,2023-07-05,false,,,1,AppsFlyer 2023-07-05,false,,,false,2023-07-05,2027-07-05,294,false,001Y55CSW6PRNROAAO,Lumen Solutions,domain,0,,Partner,Priya Okonkwo,APAC,2026-02-19,0,true,0,,,,,
2026-09-14,APP-1434,Fable Go,go.fablestudio.com,Travel,PUB-0177,Fable Studio,fablestudio.com,"Android, iOS",31709,9888,100151.83,14776,4608,46668.55,16933,5280,53483.28,AppsFlyer,Singular,2026-03-18,true,AppsFlyer,2024-12-24,2,AppsFlyer 2024-12-24 → Singular 2026-03-18,true,2026-03-18,180,false,2026-03-18,2027-03-18,185,false,0013K660K1DT815AAO,Fable Studio,domain,0,,Prospect,Anders Costa,EMEA,2026-07-04,,false,0,prospect_on_singular_sdk,,,,
2026-09-14,APP-1435,Fable Charge,charge.fablestudio.com,Photo & Video,PUB-0177,Fable Studio,fablestudio.com,iOS,211484,90749,817178.93,211484,90749,817178.93,,,,AppsFlyer,AppsFlyer,2025-01-06,false,,,1,AppsFlyer 2025-01-06,false,,,false,2025-01-06,2027-01-06,114,false,0013K660K1DT815AAO,Fable Studio,domain,0,,Prospect,Anders Costa,EMEA,2026-07-04,0,true,0,prospect_on_singular_sdk,,,,
2026-09-14,APP-1436,Yonder Shop,shop.yondermedia.com,Education,PUB-0178,Yonder Media,yondermedia.com,"Android, iOS",165761,71069,217214.36,71354,30592,93502.60,94407,40477,123711.76,Singular,Singular,2026-02-04,true,Branch,2022-09-28,2,Branch 2022-09-28 → Singular 2026-02-04,true,2026-02-04,222,false,2026-02-04,2027-02-04,143,false,001W9IVQS4B3LE3AAO,Yonder Media,domain,0,,Customer,Dara Nandakumar,LATAM,2025-07-24,,false,792000,,,,,
2026-09-14,APP-1437,Yonder Vault,vault.yondermedia.com,Shopping,PUB-0178,Yonder Media,yondermedia.com,"Android, iOS",115381,34452,506971.63,45264,13515,198884.25,70117,20937,308087.38,Singular,Branch,2022-09-11,false,,,1,Branch 2022-09-11,false,,,false,2022-09-11,2027-09-11,362,false,001W9IVQS4B3LE3AAO,Yonder Media,domain,0,,Customer,Dara Nandakumar,LATAM,2025-07-24,792000,true,792000,,,,,
2026-09-14,APP-1438,Quarry Scan,scan.quarryfoundry.net,Education,PUB-0179,Quarry Foundry,quarryfoundry.net,"Android, iOS",7672435,3376492,32642303.72,3713496,1634238,15799032.59,3958939,1742254,16843271.13,Tenjin,Tenjin,2023-01-01,false,,,1,Tenjin 2023-01-01,false,,,false,2023-01-01,2027-01-01,109,false,001K8K2NSEQH9TCAAO,Quarry Foundry,domain,0,,Prospect,Viktor Costa,EMEA,2025-09-03,0,true,0,,,,,
2026-09-14,APP-1439,Flint Pro,pro.flinthouse.com,Health & Fitness,PUB-0180,Flint House,flinthouse.com,"Android, iOS",269680,116688,385958.67,107336,46443,153615.98,162344,70245,232342.69,Tenjin,Tenjin,2022-09-20,false,,,1,Tenjin 2022-09-20,false,,,false,2022-09-20,2026-09-20,6,true,0016SCDIJZF9FYIAAO,Flint House,domain,0,,Prospect,Camila Haddad,EMEA,2026-01-24,,false,0,prospect_on_singular_sdk,,,,
2026-09-14,APP-1440,Flint Maps,maps.flinthouse.com,Social,PUB-0180,Flint House,flinthouse.com,"Android, iOS",2116556,748599,6782974.46,1006104,355846,3224285.01,1110452,392753,3558689.45,Tenjin,Singular,2026-02-05,true,Tenjin,2022-10-17,2,Tenjin 2022-10-17 → Singular 2026-02-05,true,2026-02-05,221,false,2026-02-05,2027-02-05,144,false,0016SCDIJZF9FYIAAO,Flint House,domain,0,,Prospect,Camila Haddad,EMEA,2026-01-24,,false,0,prospect_on_singular_sdk,,,,
2026-09-14,APP-1441,Flint Daily,daily.flinthouse.com,Sports,PUB-0180,Flint House,flinthouse.com,"Android, iOS",8897413,3446801,16747566.49,3539107,1371027,6661647.59,5358306,2075774,10085918.90,Tenjin,Tenjin,2022-10-13,false,,,1,Tenjin 2022-10-13,false,,,false,2022-09-20,2026-09-20,6,true,0016SCDIJZF9FYIAAO,Flint House,domain,0,,Prospect,Camila Haddad,EMEA,2026-01-24,0,true,0,prospect_on_singular_sdk,,,,
2026-09-14,APP-1442,Everest Shop,shop.everestsystems.com,Entertainment,PUB-0181,Everest Systems,everestsystems.com,"Android, iOS",183192,84667,184995.83,82440,38102,83251.73,100752,46565,101744.10,AppsFlyer,AppsFlyer,2023-08-16,false,,,1,AppsFlyer 2023-08-16,false,,,false,2023-08-16,2027-08-16,336,false,001XXPHEGGVFSJ7AAO,Everest Systems,domain,0,,Customer,Viktor Costa,EMEA,2026-07-16,35000,true,35000,customer_without_singular_sdk,,,,
2026-09-14,APP-1443,Everest Calm,calm.everestsystems.com,Photo & Video,PUB-0181,Everest Systems,everestsystems.com,"Android, iOS",9561,3263,26401.30,4077,1391,11257.94,5484,1872,15143.36,AppsFlyer,AppsFlyer,2023-09-21,false,,,1,AppsFlyer 2023-09-21,false,,,false,2023-08-16,2027-08-16,336,false,001XXPHEGGVFSJ7AAO,Everest Systems,domain,0,,Customer,Viktor Costa,EMEA,2026-07-16,,false,35000,customer_without_singular_sdk,,,,
2026-09-14,APP-1444,Lyre Home,home.lyrelabs.net,Entertainment,PUB-0182,Lyre Labs,lyrelabs.net,"Android, iOS",686624,305769,2508314.57,251705,112090,919506.61,434919,193679,1588807.96,AppsFlyer,AppsFlyer,2023-03-19,false,,,1,AppsFlyer 2023-03-19,false,,,false,2023-02-23,2027-02-23,162,false,001OWEWG46U4TR3AAO,Lyre Labs,domain,0,,Prospect,,US,2026-01-06,0,true,0,,,,,
2026-09-14,APP-1445,Lyre Tap,tap.lyrelabs.net,Weather,PUB-0182,Lyre Labs,lyrelabs.net,"Android, iOS",151945,71984,608808.89,62268,29500,249495.57,89677,42484,359313.32,AppsFlyer,Branch,2026-08-19,false,AppsFlyer,2023-03-31,2,AppsFlyer 2023-03-31 → Branch 2026-08-19,true,2026-08-19,26,true,2026-08-19,2027-08-19,339,false,001OWEWG46U4TR3AAO,Lyre Labs,domain,0,,Prospect,,US,2026-01-06,,false,0,,,,,
2026-09-14,APP-1446,Lyre Tracker,tracker.lyrelabs.net,Shopping,PUB-0182,Lyre Labs,lyrelabs.net,"Android, iOS",12698,3649,53764.15,5048,1451,21375.35,7650,2198,32388.80,AppsFlyer,AppsFlyer,2023-02-23,false,,,1,AppsFlyer 2023-02-23,false,,,false,2023-02-23,2027-02-23,162,false,001OWEWG46U4TR3AAO,Lyre Labs,domain,0,,Prospect,,US,2026-01-06,,false,0,,,,,
2026-09-14,APP-1447,Copper Invest,invest.copperlabs.com,Entertainment,PUB-0183,Copper Labs,copperlabs.com,"Android, iOS",2138839,883015,6317923.13,930351,384093,2748166.66,1208488,498922,3569756.47,Airbridge,Airbridge,2024-09-03,false,,,1,Airbridge 2024-09-03,false,,,false,2024-09-03,2027-09-03,354,false,,,unmatched,0,,,,,,,false,,,,,,
2026-09-14,APP-1448,Copper Rush,rush.copperlabs.com,Education,PUB-0183,Copper Labs,copperlabs.com,"Android, iOS",7175237,2408219,24658606.09,2855874,958515,9814570.29,4319363,1449704,14844035.80,Airbridge,Airbridge,2024-09-11,false,,,1,Airbridge 2024-09-11,false,,,false,2024-09-03,2027-09-03,354,false,,,unmatched,0,,,,,,,true,,,,,,
2026-09-14,APP-1449,Larkspur Sleep,sleep.larkspurnetworks.com,Finance,PUB-0184,Larkspur Networks,larkspurnetworks.com,"Android, iOS",116446,42293,488400.37,49916,18129,209357.84,66530,24164,279042.53,AppsFlyer,AppsFlyer,2023-05-02,false,,,1,AppsFlyer 2023-05-02,false,,,false,2023-04-13,2027-04-13,211,false,0011XA1ZHPF4ZXYAAO,Larkspur Networks,domain,0,,Prospect,Viktor Costa,EMEA,2026-03-14,,false,0,,,,,
2026-09-14,APP-1450,Larkspur Quest,quest.larkspurnetworks.com,Productivity,PUB-0184,Larkspur Networks,larkspurnetworks.com,"Android, iOS",119267,43724,166295.87,56018,20537,78106.93,63249,23187,88188.94,AppsFlyer,AppsFlyer,2023-05-05,false,,,1,AppsFlyer 2023-05-05,false,,,false,2023-04-13,2027-04-13,211,false,0011XA1ZHPF4ZXYAAO,Larkspur Networks,domain,0,,Prospect,Viktor Costa,EMEA,2026-03-14,,false,0,,,,,
2026-09-14,APP-1451,Larkspur Health,health.larkspurnetworks.com,Utilities,PUB-0184,Larkspur Networks,larkspurnetworks.com,"Android, iOS",277496,83051,747896.51,100368,30039,270507.66,177128,53012,477388.85,AppsFlyer,AppsFlyer,2023-04-13,false,,,1,AppsFlyer 2023-04-13,false,,,false,2023-04-13,2027-04-13,211,false,0011XA1ZHPF4ZXYAAO,Larkspur Networks,domain,0,,Prospect,Viktor Costa,EMEA,2026-03-14,0,true,0,,,,,
2026-09-14,APP-1452,Flint Go,go.flintfoundry.co,Business,PUB-0185,Flint Foundry,flintfoundry.co,"Android, iOS",122810,53097,178693.15,44971,19443,65434.98,77839,33654,113258.17,AppsFlyer,AppsFlyer,2021-06-07,false,,,1,AppsFlyer 2021-06-07,false,,,false,2021-06-07,2027-06-07,266,false,00164FAMU490Q35AAO,Flint Foundry,name,0,,Prospect,Zara Okonkwo,US,2026-07-12,,false,0,,,,,
2026-09-14,APP-1453,Flint Kids,kids.flintfoundry.co,Entertainment,PUB-0185,Flint Foundry,flintfoundry.co,"Android, iOS",7316920,2624062,30307113.25,3151960,1130385,13055602.38,4164960,1493677,17251510.87,AppsFlyer,AppsFlyer,2021-07-06,false,,,1,AppsFlyer 2021-07-06,false,,,false,2021-06-07,2027-06-07,266,false,00164FAMU490Q35AAO,Flint Foundry,name,0,,Prospect,Zara Okonkwo,US,2026-07-12,0,true,0,,,,,
2026-09-14,APP-1454,Rivet Mind,mind.rivetsystems.com,Photo & Video,PUB-0186,Rivet Systems,rivetsystems.com,"Android, iOS",90440,40918,197378.64,40728,18426,88885.09,49712,22492,108493.55,AppsFlyer,AppsFlyer,2022-07-18,false,,,1,AppsFlyer 2022-07-18,false,,,false,2022-06-23,2027-06-23,282,false,,,unmatched,0,,,,,,,true,,,,,,
2026-09-14,APP-1455,Rivet Clip,clip.rivetsystems.com,Education,PUB-0186,Rivet Systems,rivetsystems.com,"Android, iOS",98809,44989,160042.20,43180,19660,69939.16,55629,25329,90103.04,AppsFlyer,AppsFlyer,2022-06-23,false,,,1,AppsFlyer 2022-06-23,false,,,false,2022-06-23,2027-06-23,282,false,,,unmatched,0,,,,,,,false,,,,,,
2026-09-14,APP-1456,Hollow Go,go.hollowpartners.co,News,PUB-0187,Hollow Partners,hollowpartners.co,"Android, iOS",135165,60595,84118.95,61836,27721,38483.13,73329,32874,45635.82,AppsFlyer,Adjust,2026-01-28,false,AppsFlyer,2021-05-02,2,AppsFlyer 2021-05-02 → Adjust 2026-01-28,true,2026-01-28,229,false,2026-01-28,2027-01-28,136,false,,,unmatched,0,,,,,,,false,,,,,,
2026-09-14,APP-1457,Hollow Now,now.hollowpartners.co,Games,PUB-0187,Hollow Partners,hollowpartners.co,"Android, iOS",251714,87786,361229.74,113639,39632,163080.63,138075,48154,198149.11,AppsFlyer,AppsFlyer,2021-05-11,false,,,1,AppsFlyer 2021-05-11,false,,,false,2021-05-11,2027-05-11,239,false,,,unmatched,0,,,,,,,true,,,,,,
2026-09-14,APP-1458,Orbit Eats,eats.orbitsystems.com,Shopping,PUB-0188,Orbit Systems,orbitsystems.com,"Android, iOS",1132588,369965,4436887.20,444627,145239,1741815.14,687961,224726,2695072.06,AppsFlyer,AppsFlyer,2021-07-04,false,,,1,AppsFlyer 2021-07-04,false,,,false,2021-07-04,2027-07-04,293,false,001C53KUXBEH3AVAAO,Orbit Systems,domain,0,,Partner,Dara Nandakumar,LATAM,2026-05-31,0,true,0,,,,,
2026-09-14,APP-1459,Orbit Invest,invest.orbitsystems.com,Travel,PUB-0188,Orbit Systems,orbitsystems.com,"Android, iOS",105787,34927,82447.76,50035,16520,38996.28,55752,18407,43451.48,AppsFlyer,Singular,2026-06-18,true,AppsFlyer,2021-07-10,2,AppsFlyer 2021-07-10 → Singular 2026-06-18,true,2026-06-18,88,true,2026-06-18,2027-06-18,277,false,001C53KUXBEH3AVAAO,Orbit Systems,domain,0,,Partner,Dara Nandakumar,LATAM,2026-05-31,,false,0,,,,,
2026-09-14,APP-1460,Orbit Lite,lite.orbitsystems.com,Lifestyle,PUB-0188,Orbit Systems,orbitsystems.com,iOS,149993,47053,239465.92,149993,47053,239465.92,,,,AppsFlyer,AppsFlyer,2021-07-07,false,,,1,AppsFlyer 2021-07-07,false,,,false,2021-07-04,2027-07-04,293,false,001C53KUXBEH3AVAAO,Orbit Systems,domain,0,,Partner,Dara Nandakumar,LATAM,2026-05-31,,false,0,,,,,
2026-09-14,APP-1461,Hazel Style,style.hazelsolutions.io,Productivity,PUB-0189,Hazel Solutions,hazelsolutions.io,"Android, iOS",182569,86589,238610.49,89529,42462,117010.55,93040,44127,121599.94,AppsFlyer,AppsFlyer,2022-10-11,false,,,1,AppsFlyer 2022-10-11,false,,,false,2022-10-11,2026-10-11,27,true,0015Z7R9085WPTNAAO,Hazel Solutions,name,0,,Prospect,Dara Nandakumar,LATAM,2025-09-10,,false,0,prospect_on_singular_sdk,,,,
2026-09-14,APP-1462,Hazel Health,health.hazelsolutions.io,Entertainment,PUB-0189,Hazel Solutions,hazelsolutions.io,"Android, iOS",294778,136449,804972.76,110150,50987,300794.61,184628,85462,504178.15,AppsFlyer,Singular,2025-11-20,true,AppsFlyer,2022-10-23,2,AppsFlyer 2022-10-23 → Singular 2025-11-20,true,2025-11-20,298,false,2025-11-20,2026-11-20,67,true,0015Z7R9085WPTNAAO,Hazel Solutions,name,0,,Prospect,Dara Nandakumar,LATAM,2025-09-10,,false,0,prospect_on_singular_sdk,,,,
2026-09-14,APP-1463,Hazel Weather,weather.hazelsolutions.io,Music,PUB-0189,Hazel Solutions,hazelsolutions.io,"Android, iOS",1110635,347146,3112761.58,516068,161305,1446375.83,594567,185841,1666385.75,AppsFlyer,AppsFlyer,2022-10-31,false,,,1,AppsFlyer 2022-10-31,false,,,false,2022-10-11,2026-10-11,27,true,0015Z7R9085WPTNAAO,Hazel Solutions,name,0,,Prospect,Dara Nandakumar,LATAM,2025-09-10,0,true,0,prospect_on_singular_sdk,,,,
2026-09-14,APP-1464,Quarry Puzzle,puzzle.quarrystudios.com,Social,PUB-0190,Quarry Studios,quarrystudios.com,"Android, iOS",69355,27484,215367.57,28377,11245,88120.62,40978,16239,127246.95,Kochava,Kochava,2024-07-16,false,,,1,Kochava 2024-07-16,false,,,false,2024-06-15,2027-06-15,274,false,,,unmatched,0,,,,,,,true,,,,,,
2026-09-14,APP-1465,Quarry Cart,cart.quarrystudios.com,Games,PUB-0190,Quarry Studios,quarrystudios.com,"Android, iOS",96595,37031,76094.19,39033,14964,30749.08,57562,22067,45345.11,Kochava,Kochava,2024-07-07,false,,,1,Kochava 2024-07-07,false,,,false,2024-06-15,2027-06-15,274,false,,,unmatched,0,,,,,,,false,,,,,,
2026-09-14,APP-1466,Quarry Ride,ride.quarrystudios.com,Travel,PUB-0190,Quarry Studios,quarrystudios.com,"Android, iOS",23616,10445,88085.44,9409,4161,35095.27,14207,6284,52990.17,Kochava,Kochava,2024-06-15,false,,,1,Kochava 2024-06-15,false,,,false,2024-06-15,2027-06-15,274,false,,,unmatched,0,,,,,,,false,,,,,,
2026-09-14,APP-1467,Rook Table,table.rookventures.com,Lifestyle,PUB-0191,Rook Ventures,rookventures.com,"Android, iOS",1554048,614338,5828738.62,562651,222424,2110324.80,991397,391914,3718413.82,Adjust,Adjust,2024-09-29,false,,,1,Adjust 2024-09-29,false,,,false,2024-09-29,2026-09-29,15,true,001J5LEQA1QRN4HAAO,Rook Ventures,domain,0,,Prospect,,LATAM,2026-01-01,0,true,0,,,,,
2026-09-14,APP-1468,Hazel Freight,freight.hazelcompany.io,Business,PUB-0192,Hazel Company,hazelcompany.io,"Android, iOS",1741043,758432,2602607.57,853213,371676,1275429.37,887830,386756,1327178.20,AppsFlyer,AppsFlyer,2021-03-14,false,,,1,AppsFlyer 2021-03-14,false,,,false,2021-03-01,2027-03-01,168,false,,,unmatched,0,,,,,,,true,,,,,,
2026-09-14,APP-1469,Hazel Quest,quest.hazelcompany.io,Sports,PUB-0192,Hazel Company,hazelcompany.io,"Android, iOS",89581,32136,351440.54,33377,11973,130942.66,56204,20163,220497.88,AppsFlyer,AppsFlyer,2021-03-01,false,,,1,AppsFlyer 2021-03-01,false,,,false,2021-03-01,2027-03-01,168,false,,,unmatched,0,,,,,,,false,,,,,,
2026-09-14,APP-1470,Hazel Sleep,sleep.hazelcompany.io,Business,PUB-0192,Hazel Company,hazelcompany.io,"Android, iOS",221363,70969,922931.18,93515,29981,389892.75,127848,40988,533038.43,AppsFlyer,AppsFlyer,2021-03-19,false,,,1,AppsFlyer 2021-03-19,false,,,false,2021-03-01,2027-03-01,168,false,,,unmatched,0,,,,,,,false,,,,,,
2026-09-14,APP-1471,Zinc Tutor,tutor.zincatelier.ai,Food & Drink,PUB-0193,Zinc Atelier,zincatelier.ai,"Android, iOS",69461,30307,129280.89,30659,13377,57062.81,38802,16930,72218.08,AppsFlyer,AppsFlyer,2023-07-03,false,,,1,AppsFlyer 2023-07-03,false,,,false,2023-07-03,2027-07-03,292,false,,,unmatched,0,,,,,,,true,,,,,,
2026-09-14,APP-1472,Obsidian Vault,vault.obsidianguild.com,Utilities,PUB-0194,Obsidian Guild,obsidianguild.com,"Android, iOS",2528299,1197484,8112746.23,889505,421298,2854222.79,1638794,776186,5258523.44,AppsFlyer,AppsFlyer,2022-10-29,false,,,1,AppsFlyer 2022-10-29,false,,,false,2022-10-29,2026-10-29,45,true,001LNRN4WN96NE6AAO,Obsidian Guild,domain,0,,Prospect,Dara Nandakumar,LATAM,2025-08-23,0,true,0,,,,,
2026-09-14,APP-1473,Obsidian Pay,pay.obsidianguild.com,Education,PUB-0194,Obsidian Guild,obsidianguild.com,Android,39409,16388,96719.41,,,,39409,16388,96719.41,AppsFlyer,AppsFlyer,2022-11-28,false,,,1,AppsFlyer 2022-11-28,false,,,false,2022-10-29,2026-10-29,45,true,001LNRN4WN96NE6AAO,Obsidian Guild,domain,0,,Prospect,Dara Nandakumar,LATAM,2025-08-23,,false,0,,,,,
2026-09-14,APP-1474,Obsidian Home,home.obsidianguild.com,Education,PUB-0194,Obsidian Guild,obsidianguild.com,"Android, iOS",1094060,494266,2136368.72,538786,243408,1052085.36,555274,250858,1084283.36,AppsFlyer,AppsFlyer,2022-10-30,false,,,1,AppsFlyer 2022-10-30,false,,,false,2022-10-29,2026-10-29,45,true,001LNRN4WN96NE6AAO,Obsidian Guild,domain,0,,Prospect,Dara Nandakumar,LATAM,2025-08-23,,false,0,,,,,
2026-09-14,APP-1475,Obsidian Lite,lite.obsidianguild.com,Finance,PUB-0194,Obsidian Guild,obsidianguild.com,iOS,169904,77085,751406.05,169904,77085,751406.05,,,,AppsFlyer,Adjust,2026-06-06,false,AppsFlyer,2022-10-29,2,AppsFlyer 2022-10-29 → Adjust 2026-06-06,true,2026-06-06,100,true,2026-06-06,2027-06-06,265,false,001LNRN4WN96NE6AAO,Obsidian Guild,domain,0,,Prospect,Dara Nandakumar,LATAM,2025-08-23,,false,0,,,,,
2026-09-14,APP-1476,Wren Studio,studio.wrenlabs.co,Education,PUB-0195,Wren Labs,wrenlabs.co,"Android, iOS",254761,97676,209413.01,97875,37525,80452.96,156886,60151,128960.05,AppsFlyer,AppsFlyer,2024-10-19,false,,,1,AppsFlyer 2024-10-19,false,,,false,2024-10-19,2026-10-19,35,true,001ZABC2PE0SRGGAAO,Wren Labs,domain,0,,Prospect,Dara Nandakumar,LATAM,2026-04-21,,false,0,,,,,
2026-09-14,APP-1477,Wren Pulse,pulse.wrenlabs.co,Entertainment,PUB-0195,Wren Labs,wrenlabs.co,"Android, iOS",1397726,527898,3645723.29,694843,262431,1812374.99,702883,265467,1833348.30,AppsFlyer,AppsFlyer,2024-11-01,false,,,1,AppsFlyer 2024-11-01,false,,,false,2024-10-19,2026-10-19,35,true,001ZABC2PE0SRGGAAO,Wren Labs,domain,0,,Prospect,Dara Nandakumar,LATAM,2026-04-21,0,true,0,,,,,
2026-09-14,APP-1478,Xenon Care,care.xenonplay.com,Health & Fitness,PUB-0196,Xenon Play,xenonplay.com,"Android, iOS",369676,148418,880176.83,129587,52027,308538.73,240089,96391,571638.10,AppsFlyer,AppsFlyer,2022-06-27,false,,,1,AppsFlyer 2022-06-27,false,,,false,2022-06-23,2027-06-23,282,false,,,unmatched,0,,,,,,,true,,,00141RA0U0OFLM2AAO,Xenon Play Holdings LLC,Prospect,Dara Nandakumar
2026-09-14,APP-1479,Xenon Mind,mind.xenonplay.com,Business,PUB-0196,Xenon Play,xenonplay.com,"Android, iOS",168819,80174,183975.61,81883,38887,89234.46,86936,41287,94741.15,AppsFlyer,AppsFlyer,2022-07-01,false,,,1,AppsFlyer 2022-07-01,false,,,false,2022-06-23,2027-06-23,282,false,,,unmatched,0,,,,,,,false,,,00141RA0U0OFLM2AAO,Xenon Play Holdings LLC,Prospect,Dara Nandakumar
2026-09-14,APP-1480,Xenon Home,home.xenonplay.com,Lifestyle,PUB-0196,Xenon Play,xenonplay.com,"Android, iOS",39823,11354,33546.09,17922,5110,15097.01,21901,6244,18449.08,AppsFlyer,AppsFlyer,2022-06-28,false,,,1,AppsFlyer 2022-06-28,false,,,false,2022-06-23,2027-06-23,282,false,,,unmatched,0,,,,,,,false,,,00141RA0U0OFLM2AAO,Xenon Play Holdings LLC,Prospect,Dara Nandakumar
2026-09-14,APP-1481,Xenon Meet,meet.xenonplay.com,Food & Drink,PUB-0196,Xenon Play,xenonplay.com,iOS,216920,84454,790614.01,216920,84454,790614.01,,,,AppsFlyer,AppsFlyer,2022-06-23,false,,,1,AppsFlyer 2022-06-23,false,,,false,2022-06-23,2027-06-23,282,false,,,unmatched,0,,,,,,,false,,,00141RA0U0OFLM2AAO,Xenon Play Holdings LLC,Prospect,Dara Nandakumar
2026-09-14,APP-1482,Xenon Tap,tap.xenonplay.com,Travel,PUB-0196,Xenon Play,xenonplay.com,"Android, iOS",241177,108838,345667.22,119847,54084,171770.17,121330,54754,173897.05,AppsFlyer,AppsFlyer,2022-07-20,false,,,1,AppsFlyer 2022-07-20,false,,,false,2022-06-23,2027-06-23,282,false,,,unmatched,0,,,,,,,false,,,00141RA0U0OFLM2AAO,Xenon Play Holdings LLC,Prospect,Dara Nandakumar
2026-09-14,APP-1483,Xenon Pro,pro.xenonplay.com,Lifestyle,PUB-0196,Xenon Play,xenonplay.com,"Android, iOS",149842,64087,277641.62,67335,28799,124765.30,82507,35288,152876.32,AppsFlyer,AppsFlyer,2022-07-08,false,,,1,AppsFlyer 2022-07-08,false,,,false,2022-06-23,2027-06-23,282,false,,,unmatched,0,,,,,,,false,,,00141RA0U0OFLM2AAO,Xenon Play Holdings LLC,Prospect,Dara Nandakumar
2026-09-14,APP-1484,Hinge Shop,shop.hingegroup.com,Social,PUB-0197,Hinge Group,hingegroup.com,"Android, iOS",122800,46681,367376.65,55897,21248,167223.98,66903,25433,200152.67,AppsFlyer,AppsFlyer,2021-08-22,false,,,1,AppsFlyer 2021-08-22,false,,,false,2021-08-01,2027-08-01,321,false,001BC2075PV5DFBAAO,Hinge Group,domain,0,,Partner,Priya Okonkwo,APAC,2026-01-20,,false,0,,,,,
2026-09-14,APP-1485,Hinge Go,go.hingegroup.com,Productivity,PUB-0197,Hinge Group,hingegroup.com,"Android, iOS",866802,290399,1459688.87,330776,110818,557025.39,536026,179581,902663.48,AppsFlyer,AppsFlyer,2021-08-01,false,,,1,AppsFlyer 2021-08-01,false,,,false,2021-08-01,2027-08-01,321,false,001BC2075PV5DFBAAO,Hinge Group,domain,0,,Partner,Priya Okonkwo,APAC,2026-01-20,0,true,0,,,,,
2026-09-14,APP-1486,Timber Health,health.timberapps.ai,Productivity,PUB-0198,Timber Apps,timberapps.ai,"Android, iOS",27022,9380,48334.31,9582,3326,17138.78,17440,6054,31195.53,AppsFlyer,AppsFlyer,2021-04-17,false,,,1,AppsFlyer 2021-04-17,false,,,false,2021-04-17,2027-04-17,215,false,0015G19TTKSD9NSAAO,Timber Apps,domain,0,,Prospect,Priya Okonkwo,APAC,2025-10-17,0,true,0,,,,,
2026-09-14,APP-1487,Ember Ride,ride.embersolutions.app,Health & Fitness,PUB-0199,Ember Solutions,embersolutions.app,"Android, iOS",199867,77428,682669.56,94983,36796,324424.89,104884,40632,358244.67,AppsFlyer,AppsFlyer,2022-08-20,false,,,1,AppsFlyer 2022-08-20,false,,,false,2022-08-20,2027-08-20,340,false,,,unmatched,0,,,,,,,true,,,,,,
2026-09-14,APP-1488,Ember Weather,weather.embersolutions.app,Games,PUB-0199,Ember Solutions,embersolutions.app,"Android, iOS",44301,20421,98033.95,20573,9483,45525.80,23728,10938,52508.15,AppsFlyer,AppsFlyer,2022-09-01,false,,,1,AppsFlyer 2022-09-01,false,,,false,2022-08-20,2027-08-20,340,false,,,unmatched,0,,,,,,,false,,,,,,
2026-09-14,APP-1489,Quarry Lite,lite.quarrygroup.io,Music,PUB-0200,Quarry Group,quarrygroup.io,"Android, iOS",813069,369256,1599982.37,340819,154783,670674.55,472250,214473,929307.82,AppsFlyer,AppsFlyer,2025-07-28,false,,,1,AppsFlyer 2025-07-28,false,,,false,2025-07-26,2027-07-26,315,false,001ADD8QJVZBVHBAAO,Quarry Group,domain,0,,Prospect,Dara Nandakumar,LATAM,2025-11-30,,false,0,,,,,
2026-09-14,APP-1490,Quarry Learn,learn.quarrygroup.io,Travel,PUB-0200,Quarry Group,quarrygroup.io,"Android, iOS",55527,23518,197222.58,27227,11532,96706.36,28300,11986,100516.22,AppsFlyer,AppsFlyer,2025-08-12,false,,,1,AppsFlyer 2025-08-12,false,,,false,2025-07-26,2027-07-26,315,false,001ADD8QJVZBVHBAAO,Quarry Group,domain,0,,Prospect,Dara Nandakumar,LATAM,2025-11-30,,false,0,,,,,
2026-09-14,APP-1491,Quarry Parking,parking.quarrygroup.io,Food & Drink,PUB-0200,Quarry Group,quarrygroup.io,"Android, iOS",195497,67415,497587.59,96726,33355,246191.84,98771,34060,251395.75,AppsFlyer,AppsFlyer,2025-08-02,false,,,1,AppsFlyer 2025-08-02,false,,,false,2025-07-26,2027-07-26,315,false,001ADD8QJVZBVHBAAO,Quarry Group,domain,0,,Prospect,Dara Nandakumar,LATAM,2025-11-30,,false,0,,,,,
2026-09-14,APP-1492,Quarry Meet,meet.quarrygroup.io,Weather,PUB-0200,Quarry Group,quarrygroup.io,"Android, iOS",3515305,1312858,3329183.78,1322756,494009,1252721.74,2192549,818849,2076462.04,AppsFlyer,AppsFlyer,2025-08-09,false,,,1,AppsFlyer 2025-08-09,false,,,false,2025-07-26,2027-07-26,315,false,001ADD8QJVZBVHBAAO,Quarry Group,domain,0,,Prospect,Dara Nandakumar,LATAM,2025-11-30,0,true,0,,,,,
2026-09-14,APP-1493,Quarry Market,market.quarrygroup.io,Business,PUB-0200,Quarry Group,quarrygroup.io,"Android, iOS",45018,15864,100911.65,19806,6979,44396.21,25212,8885,56515.44,AppsFlyer,AppsFlyer,2025-08-22,false,,,1,AppsFlyer 2025-08-22,false,,,false,2025-07-26,2027-07-26,315,false,001ADD8QJVZBVHBAAO,Quarry Group,domain,0,,Prospect,Dara Nandakumar,LATAM,2025-11-30,,false,0,,,,,
2026-09-14,APP-1494,Quarry Deck,deck.quarrygroup.io,Sports,PUB-0200,Quarry Group,quarrygroup.io,"Android, iOS",225688,95037,519595.29,94104,39627,216653.03,131584,55410,302942.26,AppsFlyer,AppsFlyer,2025-07-26,false,,,1,AppsFlyer 2025-07-26,false,,,false,2025-07-26,2027-07-26,315,false,001ADD8QJVZBVHBAAO,Quarry Group,domain,0,,Prospect,Dara Nandakumar,LATAM,2025-11-30,,false,0,,,,,
2026-09-14,APP-1495,Crimson Kids,kids.crimsoninnovations.games,Productivity,PUB-0201,Crimson Innovations,crimsoninnovations.games,"Android, iOS",2295155,678050,7197127.85,1101168,325314,3453033.34,1193987,352736,3744094.51,Kochava,Kochava,2025-09-02,false,,,1,Kochava 2025-09-02,false,,,false,2025-09-02,2027-09-02,353,false,001QO43RAW3P8F0AAO,Crimson Innovations,domain,0,,Prospect,Zara Takahashi,APAC,2026-02-01,0,true,0,,,,,
2026-09-14,APP-1496,Kettle Eats,eats.kettlemedia.com,Education,PUB-0202,Kettle Media,kettlemedia.com,"Android, iOS",67419,25425,51144.71,30438,11479,23090.72,36981,13946,28053.99,Branch,Branch,2021-02-09,false,,,1,Branch 2021-02-09,false,,,false,2021-02-09,2027-02-09,148,false,001WJ6FSSJLOYPFAAO,Kettle Media,domain,1,001I392EIM4CYBSAAO,Prospect,Dara Nandakumar,LATAM,2026-09-12,,false,0,,,,,
2026-09-14,APP-1497,Kettle Tap,tap.kettlemedia.com,Productivity,PUB-0202,Kettle Media,kettlemedia.com,"Android, iOS",169174,51092,722576.52,65793,19870,281017.30,103381,31222,441559.22,Branch,Branch,2021-02-14,false,,,1,Branch 2021-02-14,false,,,false,2021-02-09,2027-02-09,148,false,001WJ6FSSJLOYPFAAO,Kettle Media,domain,1,001I392EIM4CYBSAAO,Prospect,Dara Nandakumar,LATAM,2026-09-12,,false,0,,,,,
2026-09-14,APP-1498,Kettle Radio,radio.kettlemedia.com,Weather,PUB-0202,Kettle Media,kettlemedia.com,"Android, iOS",1100307,325270,2864850.53,448749,132658,1168400.18,651558,192612,1696450.35,Branch,Branch,2021-02-17,false,,,1,Branch 2021-02-17,false,,,false,2021-02-09,2027-02-09,148,false,001WJ6FSSJLOYPFAAO,Kettle Media,domain,1,001I392EIM4CYBSAAO,Prospect,Dara Nandakumar,LATAM,2026-09-12,0,true,0,,,,,
2026-09-14,APP-1499,Kettle Notes,notes.kettlemedia.com,Education,PUB-0202,Kettle Media,kettlemedia.com,"Android, iOS",322998,127668,1126339.96,154577,61098,539030.50,168421,66570,587309.46,Branch,Branch,2021-02-14,false,,,1,Branch 2021-02-14,false,,,false,2021-02-09,2027-02-09,148,false,001WJ6FSSJLOYPFAAO,Kettle Media,domain,1,001I392EIM4CYBSAAO,Prospect,Dara Nandakumar,LATAM,2026-09-12,,false,0,,,,,
2026-09-14,APP-1500,Kettle Pulse,pulse.kettlemedia.com,Shopping,PUB-0202,Kettle Media,kettlemedia.com,"Android, iOS",17880,5382,31558.67,7618,2293,13446.61,10262,3089,18112.06,Branch,Branch,2021-02-09,false,,,1,Branch 2021-02-09,false,,,false,2021-02-09,2027-02-09,148,false,001WJ6FSSJLOYPFAAO,Kettle Media,domain,1,001I392EIM4CYBSAAO,Prospect,Dara Nandakumar,LATAM,2026-09-12,,false,0,,,,,
2026-09-14,APP-1501,Beacon Studio,studio.beaconventures.dev,Education,PUB-0203,Beacon Ventures,beaconventures.dev,iOS,109455,41462,210379.47,109455,41462,210379.47,,,,AppsFlyer,AppsFlyer,2021-03-14,false,,,1,AppsFlyer 2021-03-14,false,,,false,2021-03-14,2027-03-14,181,false,001VGGES9COK2F1AAO,Beacon Ventures,domain,0,,Churned,Anders Costa,EMEA,2026-06-27,,false,0,,,,,
2026-09-14,APP-1502,Beacon Stream,stream.beaconventures.dev,Productivity,PUB-0203,Beacon Ventures,beaconventures.dev,"Android, iOS",332867,147639,236179.66,125536,55680,89071.90,207331,91959,147107.76,AppsFlyer,AppsFlyer,2021-03-22,false,,,1,AppsFlyer 2021-03-22,false,,,false,2021-03-14,2027-03-14,181,false,001VGGES9COK2F1AAO,Beacon Ventures,domain,0,,Churned,Anders Costa,EMEA,2026-06-27,,false,0,,,,,
2026-09-14,APP-1503,Beacon Rush,rush.beaconventures.dev,News,PUB-0203,Beacon Ventures,beaconventures.dev,"Android, iOS",1969627,867905,8333109.08,892227,393155,3774840.84,1077400,474750,4558268.24,AppsFlyer,AppsFlyer,2021-03-22,false,,,1,AppsFlyer 2021-03-22,false,,,false,2021-03-14,2027-03-14,181,false,001VGGES9COK2F1AAO,Beacon Ventures,domain,0,,Churned,Anders Costa,EMEA,2026-06-27,0,true,0,,,,,
2026-09-14,APP-1504,Beacon Radio,radio.beaconventures.dev,Education,PUB-0203,Beacon Ventures,beaconventures.dev,"Android, iOS",253126,95734,867463.32,115779,43788,396774.18,137347,51946,470689.14,AppsFlyer,Kochava,2026-01-24,false,AppsFlyer,2021-03-16,2,AppsFlyer 2021-03-16 → Kochava 2026-01-24,true,2026-01-24,233,false,2026-01-24,2027-01-24,132,false,001VGGES9COK2F1AAO,Beacon Ventures,domain,0,,Churned,Anders Costa,EMEA,2026-06-27,,false,0,,,,,
2026-09-14,APP-1505,Ivory Pay,pay.ivoryindustries.dev,Productivity,PUB-0204,Ivory Industries,ivoryindustries.dev,"Android, iOS",117442,34858,477251.65,49234,14613,200072.36,68208,20245,277179.29,AppsFlyer,AppsFlyer,2023-05-20,false,,,1,AppsFlyer 2023-05-20,false,,,false,2023-05-20,2027-05-20,248,false,,,unmatched,0,,,,,,,true,,,,,,
2026-09-14,APP-1506,Bramble Lite,lite.brambleindustries.com,News,PUB-0205,Bramble Industries,brambleindustries.com,"Android, iOS",92451,33610,120844.01,39358,14308,51445.02,53093,19302,69398.99,AppsFlyer,AppsFlyer,2022-11-12,false,,,1,AppsFlyer 2022-11-12,false,,,false,2022-11-12,2026-11-12,59,true,,,unmatched,0,,,,,,,false,,,,,,
2026-09-14,APP-1507,Bramble Chef,chef.brambleindustries.com,Music,PUB-0205,Bramble Industries,brambleindustries.com,Android,133030,55812,248089.35,,,,133030,55812,248089.35,AppsFlyer,AppsFlyer,2022-11-20,false,,,1,AppsFlyer 2022-11-20,false,,,false,2022-11-12,2026-11-12,59,true,,,unmatched,0,,,,,,,true,,,,,,
2026-09-14,APP-1508,Kiln Dating,dating.kilninnovations.com,Utilities,PUB-0206,Kiln Innovations,kilninnovations.com,iOS,297620,135757,316707.04,297620,135757,316707.04,,,,AppsFlyer,AppsFlyer,2024-09-30,false,,,1,AppsFlyer 2024-09-30,false,,,false,2024-09-30,2026-09-30,16,true,001X0ZI3UH25MZXAAO,Kiln Innovations,domain,0,,Prospect,Viktor Costa,EMEA,2026-06-08,0,true,0,,,,,
2026-09-14,APP-1509,Quill Weather,weather.quillplay.io,Shopping,PUB-0207,Quill Play,quillplay.io,"Android, iOS",8710586,3777287,20120566.68,4313148,1870367,9962932.09,4397438,1906920,10157634.59,Branch,Branch,2025-05-10,false,,,1,Branch 2025-05-10,false,,,false,2025-05-10,2027-05-10,238,false,,,unmatched,0,,,,,,,true,,,,,,
2026-09-14,APP-1510,Quill Go,go.quillplay.io,Utilities,PUB-0207,Quill Play,quillplay.io,"Android, iOS",127062,44425,418871.89,61048,21344,201251.15,66014,23081,217620.74,Branch,Branch,2025-06-01,false,,,1,Branch 2025-06-01,false,,,false,2025-05-10,2027-05-10,238,false,,,unmatched,0,,,,,,,false,,,,,,
2026-09-14,APP-1511,Quill News,news.quillplay.io,Music,PUB-0207,Quill Play,quillplay.io,"Android, iOS",153096,49952,551428.27,68932,22491,248283.92,84164,27461,303144.35,Branch,Branch,2025-06-03,false,,,1,Branch 2025-06-03,false,,,false,2025-05-10,2027-05-10,238,false,,,unmatched,0,,,,,,,false,,,,,,
2026-09-14,APP-1512,Quill Credit,credit.quillplay.io,Sports,PUB-0207,Quill Play,quillplay.io,"Android, iOS",787681,253133,2070111.73,336402,108108,884100.58,451279,145025,1186011.15,Branch,Branch,2025-05-10,false,,,1,Branch 2025-05-10,false,,,false,2025-05-10,2027-05-10,238,false,,,unmatched,0,,,,,,,false,,,,,,
2026-09-14,APP-1513,Quill Care,care.quillplay.io,Business,PUB-0207,Quill Play,quillplay.io,"Android, iOS",124110,56072,297702.85,46055,20807,110472.54,78055,35265,187230.31,Branch,Branch,2025-06-05,false,,,1,Branch 2025-06-05,false,,,false,2025-05-10,2027-05-10,238,false,,,unmatched,0,,,,,,,false,,,,,,
2026-09-14,APP-1514,Quill Pay,pay.quillplay.io,Sports,PUB-0207,Quill Play,quillplay.io,"Android, iOS",142473,67519,403931.82,55630,26363,157718.66,86843,41156,246213.16,Branch,Branch,2025-05-12,false,,,1,Branch 2025-05-12,false,,,false,2025-05-10,2027-05-10,238,false,,,unmatched,0,,,,,,,false,,,,,,
2026-09-14,APP-1515,Hazel Tap,tap.hazelguild.com,Finance,PUB-0208,Hazel Guild,hazelguild.com,"Android, iOS",81424,34266,170302.01,36832,15500,77036.79,44592,18766,93265.22,Tenjin,Tenjin,2021-07-05,false,,,1,Tenjin 2021-07-05,false,,,false,2021-07-05,2027-07-05,294,false,,,unmatched,0,,,,,,,false,,,,,,
2026-09-14,APP-1516,Hazel Fit,fit.hazelguild.com,Education,PUB-0208,Hazel Guild,hazelguild.com,"Android, iOS",252585,111511,193304.28,93081,41093,71235.42,159504,70418,122068.86,Tenjin,Tenjin,2021-07-17,false,,,1,Tenjin 2021-07-17,false,,,false,2021-07-05,2027-07-05,294,false,,,unmatched,0,,,,,,,true,,,,,,
2026-09-14,APP-1517,Ember Shop,shop.emberventures.games,Photo & Video,PUB-0209,Ember Ventures,emberventures.games,"Android, iOS",293190,97403,501533.01,128966,42845,220610.09,164224,54558,280922.92,Singular,AppsFlyer,2026-08-11,false,Singular,2022-01-08,2,Singular 2022-01-08 → AppsFlyer 2026-08-11,true,2026-08-11,34,true,2026-08-11,2027-08-11,331,false,001HWCI91SIRKZGAAO,Ember Ventures,domain,0,,Prospect,Anders Costa,EMEA,2026-05-07,,false,0,prospect_on_singular_sdk,,,,
2026-09-14,APP-1518,Ember Mind,mind.emberventures.games,Utilities,PUB-0209,Ember Ventures,emberventures.games,"Android, iOS",1318447,619627,1827324.02,511843,240549,709397.82,806604,379078,1117926.20,Singular,Singular,2021-12-04,true,,,1,Singular 2021-12-04,false,,,false,2021-12-04,2026-12-04,81,true,001HWCI91SIRKZGAAO,Ember Ventures,domain,0,,Prospect,Anders Costa,EMEA,2026-05-07,0,true,0,prospect_on_singular_sdk,,,,
2026-09-14,APP-1519,Kiln Weather,weather.kilnunion.app,Entertainment,PUB-0210,Kiln Union,kilnunion.app,"Android, iOS",149398,58018,92690.24,53016,20588,32892.55,96382,37430,59797.69,AppsFlyer,AppsFlyer,2025-04-08,false,,,1,AppsFlyer 2025-04-08,false,,,false,2025-04-08,2027-04-08,206,false,00107S7FG8IBN2KAAO,Kiln Union,domain,0,,Prospect,Dara Nandakumar,LATAM,2026-06-10,0,true,0,,,,,
2026-09-14,APP-1520,Kiln Learn,learn.kilnunion.app,Photo & Video,PUB-0210,Kiln Union,kilnunion.app,"Android, iOS",54462,25393,75622.09,23856,11123,33124.56,30606,14270,42497.53,AppsFlyer,AppsFlyer,2025-05-09,false,,,1,AppsFlyer 2025-05-09,false,,,false,2025-04-08,2027-04-08,206,false,00107S7FG8IBN2KAAO,Kiln Union,domain,0,,Prospect,Dara Nandakumar,LATAM,2026-06-10,,false,0,,,,,
2026-09-14,APP-1521,Orbit Scan,scan.orbitdynamics.com,Lifestyle,PUB-0211,Orbit Dynamics,orbitdynamics.com,"Android, iOS",193052,83501,845214.08,75917,32836,332377.78,117135,50665,512836.30,AppsFlyer,AppsFlyer,2022-05-23,false,,,1,AppsFlyer 2022-05-23,false,,,false,2022-05-14,2027-05-14,242,false,0013F1N22GL3Q30AAO,Orbit Dynamics,name,0,,Prospect,Viktor Costa,EMEA,2026-08-05,,false,0,,,,,
2026-09-14,APP-1522,Orbit Cards,cards.orbitdynamics.com,Weather,PUB-0211,Orbit Dynamics,orbitdynamics.com,"Android, iOS",2091818,615351,3392642.44,953753,280566,1546857.41,1138065,334785,1845785.03,AppsFlyer,AppsFlyer,2022-05-19,false,,,1,AppsFlyer 2022-05-19,false,,,false,2022-05-14,2027-05-14,242,false,0013F1N22GL3Q30AAO,Orbit Dynamics,name,0,,Prospect,Viktor Costa,EMEA,2026-08-05,,false,0,,,,,
2026-09-14,APP-1523,Orbit Cam,cam.orbitdynamics.com,Social,PUB-0211,Orbit Dynamics,orbitdynamics.com,"Android, iOS",290219,87348,621538.36,132560,39897,283893.28,157659,47451,337645.08,AppsFlyer,AppsFlyer,2022-05-14,false,,,1,AppsFlyer 2022-05-14,false,,,false,2022-05-14,2027-05-14,242,false,0013F1N22GL3Q30AAO,Orbit Dynamics,name,0,,Prospect,Viktor Costa,EMEA,2026-08-05,,false,0,,,,,
2026-09-14,APP-1524,Orbit Pulse,pulse.orbitdynamics.com,News,PUB-0211,Orbit Dynamics,orbitdynamics.com,iOS,2815621,793864,10516896.26,2815621,793864,10516896.26,,,,AppsFlyer,AppsFlyer,2022-06-22,false,,,1,AppsFlyer 2022-06-22,false,,,false,2022-05-14,2027-05-14,242,false,0013F1N22GL3Q30AAO,Orbit Dynamics,name,0,,Prospect,Viktor Costa,EMEA,2026-08-05,0,true,0,,,,,
2026-09-14,APP-1525,Jasper Plus,plus.jasperinnovations.io,Sports,PUB-0212,Jasper Innovations,jasperinnovations.io,"Android, iOS",41673,17398,56832.61,14953,6243,20393.24,26720,11155,36439.37,Adjust,Adjust,2022-10-13,false,,,1,Adjust 2022-10-13,false,,,false,2022-10-13,2026-10-13,29,true,001BHM89KS2DL9KAAO,Jasper Innovations,domain,0,,Prospect,Dara Nandakumar,LATAM,2025-08-21,0,true,0,,,,,
2026-09-14,APP-1526,Sundial Chef,chef.sundialcollective.ai,Games,PUB-0213,Sundial Collective,sundialcollective.ai,"Android, iOS",1162819,509690,2159151.70,502240,220143,932571.56,660579,289547,1226580.14,Kochava,Kochava,2025-02-11,false,,,1,Kochava 2025-02-11,false,,,false,2025-01-06,2027-01-06,114,false,001JIGEVS6HW4KLAAO,Sundial Collective,domain,0,,Prospect,Camila Haddad,EMEA,2026-09-13,0,true,0,,,,,
2026-09-14,APP-1527,Sundial Charge,charge.sundialcollective.ai,Entertainment,PUB-0213,Sundial Collective,sundialcollective.ai,"Android, iOS",12717,5357,39522.79,4823,2031,14988.71,7894,3326,24534.08,Kochava,Kochava,2025-01-06,false,,,1,Kochava 2025-01-06,false,,,false,2025-01-06,2027-01-06,114,false,001JIGEVS6HW4KLAAO,Sundial Collective,domain,0,,Prospect,Camila Haddad,EMEA,2026-09-13,,false,0,,,,,
2026-09-14,APP-1528,Petrel Daily,daily.petrelapps.dev,Music,PUB-0214,Petrel Apps,petrelapps.dev,"Android, iOS",2262978,1079177,7080117.33,1049773,500619,3284394.89,1213205,578558,3795722.44,AppsFlyer,AppsFlyer,2023-11-13,false,,,1,AppsFlyer 2023-11-13,false,,,false,2023-11-13,2026-11-13,60,true,001AENBH4V4BTYFAAO,Petrel Apps,domain,0,,Prospect,Zara Takahashi,APAC,2025-08-27,0,true,0,,,,,
2026-09-14,APP-1529,Yonder Deck,deck.yondergroup.co,Lifestyle,PUB-0215,Yonder Group,yondergroup.co,"Android, iOS",2231215,664500,4215455.21,909707,270929,1718717.63,1321508,393571,2496737.58,AppsFlyer,AppsFlyer,2021-05-18,false,,,1,AppsFlyer 2021-05-18,false,,,false,2021-05-18,2027-05-18,246,false,001GO7WKBT8EDK3AAO,Yonder Group,domain,0,,Customer,Anders Costa,EMEA,2026-01-05,160000,true,160000,customer_without_singular_sdk,,,,
2026-09-14,APP-1530,Kindle Freight,freight.kindleguild.com,Photo & Video,PUB-0216,Kindle Guild,kindleguild.com,"Android, iOS",1290249,368108,5803426.06,459292,131036,2065855.42,830957,237072,3737570.64,Tenjin,Tenjin,2026-05-06,false,Branch,2021-08-13,2,Branch 2021-08-13 → Tenjin 2026-05-06,true,2026-05-06,131,false,2026-05-06,2027-05-06,234,false,001Y95JUYD39K77AAO,Kindle Guild,domain,0,,Prospect,Anders Costa,EMEA,2026-02-28,0,true,0,,,,,
2026-09-14,APP-1531,Kindle Meet,meet.kindleguild.com,Lifestyle,PUB-0216,Kindle Guild,kindleguild.com,"Android, iOS",140315,42210,375132.70,61858,18608,165378.73,78457,23602,209753.97,Tenjin,Branch,2021-09-02,false,,,1,Branch 2021-09-02,false,,,false,2021-09-02,2027-09-02,353,false,001Y95JUYD39K77AAO,Kindle Guild,domain,0,,Prospect,Anders Costa,EMEA,2026-02-28,,false,0,,,,,
2026-09-14,APP-1532,Nomad Scan,scan.nomadhouse.com,Food & Drink,PUB-0217,Nomad House,nomadhouse.com,"Android, iOS",205055,59618,721207.14,76596,22270,269399.12,128459,37348,451808.02,Branch,AppsFlyer,2024-10-16,false,Branch,2024-10-06,2,Branch 2024-10-06 → AppsFlyer 2024-10-16,true,2024-10-16,698,false,2024-10-16,2026-10-16,32,true,00157D9JXK49JCGAAO,Nomad House,domain,0,,Customer,Tobias Diallo,US,2025-08-13,,false,705000,customer_without_singular_sdk,,,,
2026-09-14,APP-1533,Nomad Dating,dating.nomadhouse.com,Photo & Video,PUB-0217,Nomad House,nomadhouse.com,"Android, iOS",2715272,1094759,5179905.94,1292387,521072,2465477.51,1422885,573687,2714428.43,Branch,Branch,2024-11-03,false,,,1,Branch 2024-11-03,false,,,false,2024-11-03,2026-11-03,50,true,00157D9JXK49JCGAAO,Nomad House,domain,0,,Customer,Tobias Diallo,US,2025-08-13,705000,true,705000,customer_without_singular_sdk,,,,
2026-09-14,APP-1534,Jasper Plus,plus.jaspernetworks.co,Education,PUB-0218,Jasper Networks,jaspernetworks.co,"Android, iOS",230078,67886,174147.45,97494,28766,73794.15,132584,39120,100353.30,AppsFlyer,AppsFlyer,2024-09-11,false,,,1,AppsFlyer 2024-09-11,false,,,false,2024-09-11,2027-09-11,362,false,001EX15949AAJTSAAO,Jasper Networks,domain,0,,Prospect,Zara Okonkwo,US,2026-06-30,,false,0,,,,,
2026-09-14,APP-1535,Jasper Invest,invest.jaspernetworks.co,Lifestyle,PUB-0218,Jasper Networks,jaspernetworks.co,"Android, iOS",291955,88139,354871.54,105937,31981,128766.47,186018,56158,226105.07,AppsFlyer,AppsFlyer,2024-09-19,false,,,1,AppsFlyer 2024-09-19,false,,,false,2024-09-11,2027-09-11,362,false,001EX15949AAJTSAAO,Jasper Networks,domain,0,,Prospect,Zara Okonkwo,US,2026-06-30,0,true,0,,,,,
2026-09-14,APP-1536,Jasper Home,home.jaspernetworks.co,Business,PUB-0218,Jasper Networks,jaspernetworks.co,"Android, iOS",195819,89554,250026.17,89292,40836,114010.67,106527,48718,136015.50,AppsFlyer,AppsFlyer,2024-09-14,false,,,1,AppsFlyer 2024-09-14,false,,,false,2024-09-11,2027-09-11,362,false,001EX15949AAJTSAAO,Jasper Networks,domain,0,,Prospect,Zara Okonkwo,US,2026-06-30,,false,0,,,,,
2026-09-14,APP-1537,Iris Credit,credit.irisholdings.com,Lifestyle,PUB-0219,Iris Holdings,irisholdings.com,iOS,154223,51236,131163.24,154223,51236,131163.24,,,,AppsFlyer,AppsFlyer,2021-06-29,false,,,1,AppsFlyer 2021-06-29,false,,,false,2021-06-23,2027-06-23,282,false,001Q1XYHHQ2EQFWAAO,Iris Holdings,domain,0,,Prospect,Viktor Costa,EMEA,2025-09-16,,false,0,,,,,
2026-09-14,APP-1538,Iris Wallet,wallet.irisholdings.com,Games,PUB-0219,Iris Holdings,irisholdings.com,"Android, iOS",273272,100778,901548.45,127876,47159,421875.91,145396,53619,479672.54,AppsFlyer,AppsFlyer,2021-06-23,false,,,1,AppsFlyer 2021-06-23,false,,,false,2021-06-23,2027-06-23,282,false,001Q1XYHHQ2EQFWAAO,Iris Holdings,domain,0,,Prospect,Viktor Costa,EMEA,2025-09-16,0,true,0,,,,,
2026-09-14,APP-1539,Lyre Sleep,sleep.lyredynamics.com,Business,PUB-0220,Lyre Dynamics,lyredynamics.com,"Android, iOS",2904641,1371382,12952178.58,1394372,658331,6217687.59,1510269,713051,6734490.99,Kochava,Kochava,2024-05-17,false,,,1,Kochava 2024-05-17,false,,,false,2024-05-17,2027-05-17,245,false,0016E3MWT31TGZ3AAO,Lyre Dynamics,domain,0,,Partner,Dara Nandakumar,LATAM,2025-11-05,0,true,0,,,,,
2026-09-14,APP-1540,Willow Care,care.willowunion.co,Food & Drink,PUB-0221,Willow Union,willowunion.co,"Android, iOS",229087,85184,824307.03,90726,33735,326452.00,138361,51449,497855.03,AppsFlyer,AppsFlyer,2025-06-01,false,Branch,2025-05-14,2,Branch 2025-05-14 → AppsFlyer 2025-06-01,true,2025-06-01,470,false,2025-05-19,2027-05-19,247,false,001KSCWM7IKGQIAAAO,Willow Union,domain,0,,Prospect,Viktor Costa,EMEA,2026-02-19,,false,0,,,,,
2026-09-14,APP-1541,Willow Now,now.willowunion.co,Travel,PUB-0221,Willow Union,willowunion.co,"Android, iOS",65677,22028,91913.69,28309,9495,39617.90,37368,12533,52295.79,AppsFlyer,AppsFlyer,2025-05-27,false,,,1,AppsFlyer 2025-05-27,false,,,false,2025-05-19,2027-05-19,247,false,001KSCWM7IKGQIAAAO,Willow Union,domain,0,,Prospect,Viktor Costa,EMEA,2026-02-19,,false,0,,,,,
2026-09-14,APP-1542,Willow Learn,learn.willowunion.co,Travel,PUB-0221,Willow Union,willowunion.co,"Android, iOS",2086716,815977,5115378.58,992678,388171,2433452.31,1094038,427806,2681926.27,AppsFlyer,AppsFlyer,2025-05-19,false,,,1,AppsFlyer 2025-05-19,false,,,false,2025-05-19,2027-05-19,247,false,001KSCWM7IKGQIAAAO,Willow Union,domain,0,,Prospect,Viktor Costa,EMEA,2026-02-19,0,true,0,,,,,
2026-09-14,APP-1543,Glimmer Now,now.glimmersystems.net,Health & Fitness,PUB-0222,Glimmer Systems,glimmersystems.net,"Android, iOS",21137,9279,78698.58,8557,3756,31860.99,12580,5523,46837.59,AppsFlyer,AppsFlyer,2025-02-08,false,,,1,AppsFlyer 2025-02-08,false,,,false,2025-02-08,2027-02-08,147,false,001E6OSHKKV2I5YAAO,Glimmer Systems,domain,0,,Prospect,Zara Takahashi,APAC,2026-08-19,0,true,0,,,,,
2026-09-14,APP-1544,Larkspur Lite,lite.larkspurunion.dev,Shopping,PUB-0223,Larkspur Union,larkspurunion.dev,"Android, iOS",92368,37786,303996.84,40923,16741,134685.00,51445,21045,169311.84,AppsFlyer,AppsFlyer,2025-05-24,false,,,1,AppsFlyer 2025-05-24,false,,,false,2025-05-24,2027-05-24,252,false,001ED36PY7EZ7Z9AAO,Larkspur Union,domain,0,,Partner,Tobias Diallo,US,2026-06-18,,false,0,,,,,
2026-09-14,APP-1545,Larkspur Sports,sports.larkspurunion.dev,Music,PUB-0223,Larkspur Union,larkspurunion.dev,"Android, iOS",1009272,462646,2755587.16,376195,172446,1027114.97,633077,290200,1728472.19,AppsFlyer,AppsFlyer,2025-05-25,false,,,1,AppsFlyer 2025-05-25,false,,,false,2025-05-24,2027-05-24,252,false,001ED36PY7EZ7Z9AAO,Larkspur Union,domain,0,,Partner,Tobias Diallo,US,2026-06-18,0,true,0,,,,,
2026-09-14,APP-1546,Yonder Scan,scan.yonderatelier.dev,Games,PUB-0224,Yonder Atelier,yonderatelier.dev,"Android, iOS",10966837,5016707,21324691.62,5191875,2374989,10095448.49,5774962,2641718,11229243.13,AppsFlyer,AppsFlyer,2022-10-16,false,,,1,AppsFlyer 2022-10-16,false,,,false,2022-10-16,2026-10-16,32,true,001P6UMIXL4C3XQAAO,Yonder Atelier,domain,0,,Churned,Viktor Costa,EMEA,2026-08-08,0,true,0,churned_on_singular_sdk,,,,
2026-09-14,APP-1547,Yonder Vault,vault.yonderatelier.dev,Sports,PUB-0224,Yonder Atelier,yonderatelier.dev,"Android, iOS",253712,90742,543865.80,89935,32166,192788.66,163777,58576,351077.14,AppsFlyer,Singular,2026-04-29,true,AppsFlyer,2022-11-04,2,AppsFlyer 2022-11-04 → Singular 2026-04-29,true,2026-04-29,138,false,2026-04-29,2027-04-29,227,false,001P6UMIXL4C3XQAAO,Yonder Atelier,domain,0,,Churned,Viktor Costa,EMEA,2026-08-08,,false,0,churned_on_singular_sdk,,,,
2026-09-14,APP-1548,Ionic Scan,scan.ionicnetworks.com,Lifestyle,PUB-0225,Ionic Networks,ionicnetworks.com,"Android, iOS",299242,130982,1300392.15,123498,54056,536674.69,175744,76926,763717.46,Kochava,Kochava,2022-11-02,false,,,1,Kochava 2022-11-02,false,,,false,2022-10-29,2026-10-29,45,true,0019QA4TZS37K8UAAO,Ionic Networks,domain,0,,Prospect,Dara Nandakumar,LATAM,2025-07-22,,false,0,,,,,
2026-09-14,APP-1549,Ionic Weather,weather.ionicnetworks.com,Entertainment,PUB-0225,Ionic Networks,ionicnetworks.com,"Android, iOS",1628876,672965,2035761.39,776417,320774,970361.71,852459,352191,1065399.68,Kochava,Kochava,2022-10-29,false,,,1,Kochava 2022-10-29,false,,,false,2022-10-29,2026-10-29,45,true,0019QA4TZS37K8UAAO,Ionic Networks,domain,0,,Prospect,Dara Nandakumar,LATAM,2025-07-22,0,true,0,,,,,
2026-09-14,APP-1550,Sundial Parking,parking.sundialunion.com,Weather,PUB-0226,Sundial Union,sundialunion.com,Android,567135,241916,1747711.33,,,,567135,241916,1747711.33,Adjust,Adjust,2026-07-04,false,AppsFlyer,2021-04-28,2,AppsFlyer 2021-04-28 → Adjust 2026-07-04,true,2026-07-04,72,true,2026-07-04,2027-07-04,293,false,001GQBSWNF802RLAAO,Sundial Union,domain,0,,Churned,Zara Okonkwo,US,2025-11-17,0,true,0,,,,,
2026-09-14,APP-1551,Sundial News,news.sundialunion.com,Entertainment,PUB-0226,Sundial Union,sundialunion.com,"Android, iOS",296849,119527,1117078.22,110910,44658,417369.75,185939,74869,699708.47,Adjust,AppsFlyer,2021-04-13,false,,,1,AppsFlyer 2021-04-13,false,,,false,2021-04-13,2027-04-13,211,false,001GQBSWNF802RLAAO,Sundial Union,domain,0,,Churned,Zara Okonkwo,US,2025-11-17,,false,0,,,,,
2026-09-14,APP-1552,Meridian Clip,clip.meridianworks.com,Games,PUB-0227,Meridian Works,meridianworks.com,iOS,1551678,456116,6426039.66,1551678,456116,6426039.66,,,,Adjust,Adjust,2021-04-24,false,,,1,Adjust 2021-04-24,false,,,false,2021-04-24,2027-04-24,222,false,,,unmatched,0,,,,,,,true,,,,,,
2026-09-14,APP-1553,Meridian Pulse,pulse.meridianworks.com,Sports,PUB-0227,Meridian Works,meridianworks.com,Android,276542,87855,1189295.64,,,,276542,87855,1189295.64,Adjust,Adjust,2021-05-14,false,,,1,Adjust 2021-05-14,false,,,false,2021-04-24,2027-04-24,222,false,,,unmatched,0,,,,,,,false,,,,,,
2026-09-14,APP-1554,Onyx Parking,parking.onyxhouse.co,Business,PUB-0228,Onyx House,onyxhouse.co,"Android, iOS",1341262,610936,2207429.31,650572,296331,1070701.32,690690,314605,1136727.99,AppsFlyer,AppsFlyer,2022-11-14,false,,,1,AppsFlyer 2022-11-14,false,,,false,2022-11-14,2026-11-14,61,true,0012TUBN2Q2DJPNAAO,Onyx House,domain,0,,Churned,Tobias Diallo,US,2025-08-19,0,true,0,churned_on_singular_sdk,,,,
2026-09-14,APP-1555,Onyx Transit,transit.onyxhouse.co,Lifestyle,PUB-0228,Onyx House,onyxhouse.co,"Android, iOS",261801,112820,984377.54,93225,40174,350530.44,168576,72646,633847.10,AppsFlyer,Singular,2026-06-22,true,AppsFlyer,2022-11-04,2,AppsFlyer 2022-11-04 → Singular 2026-06-22,true,2026-06-22,84,true,2026-06-22,2027-06-22,281,false,0012TUBN2Q2DJPNAAO,Onyx House,domain,0,,Churned,Tobias Diallo,US,2025-08-19,,false,0,churned_on_singular_sdk,,,,
2026-09-14,APP-1556,Onyx Wallet,wallet.onyxhouse.co,Weather,PUB-0228,Onyx House,onyxhouse.co,"Android, iOS",54153,19006,211531.98,22457,7882,87721.59,31696,11124,123810.39,AppsFlyer,AppsFlyer,2022-11-16,false,,,1,AppsFlyer 2022-11-16,false,,,false,2022-11-14,2026-11-14,61,true,0012TUBN2Q2DJPNAAO,Onyx House,domain,0,,Churned,Tobias Diallo,US,2025-08-19,,false,0,churned_on_singular_sdk,,,,
2026-09-14,APP-1557,Nova Eats,eats.novacollective.io,Shopping,PUB-0229,Nova Collective,novacollective.io,"Android, iOS",58902,28138,179625.79,28587,13656,87177.68,30315,14482,92448.11,AppsFlyer,AppsFlyer,2025-01-23,false,,,1,AppsFlyer 2025-01-23,false,,,false,2025-01-23,2027-01-23,131,false,001FXCP973LMVOFAAO,Nova Collective,domain,0,,Prospect,Camila Haddad,EMEA,2025-09-02,,false,0,,,,,
2026-09-14,APP-1558,Nova Chef,chef.novacollective.io,Health & Fitness,PUB-0229,Nova Collective,novacollective.io,"Android, iOS",95558,33492,247510.52,35933,12594,93071.92,59625,20898,154438.60,AppsFlyer,AppsFlyer,2025-01-26,false,,,1,AppsFlyer 2025-01-26,false,,,false,2025-01-23,2027-01-23,131,false,001FXCP973LMVOFAAO,Nova Collective,domain,0,,Prospect,Camila Haddad,EMEA,2025-09-02,0,true,0,,,,,
2026-09-14,APP-1559,Indigo Health,health.indigomobile.ai,Travel,PUB-0230,Indigo Mobile,indigomobile.ai,"Android, iOS",104171,34956,231142.96,49712,16681,110304.84,54459,18275,120838.12,AppsFlyer,AppsFlyer,2023-07-19,false,,,1,AppsFlyer 2023-07-19,false,,,false,2023-07-19,2027-07-19,308,false,001I6OH4QZL5G8DAAO,Indigo Mobile,domain,0,,Churned,Anders Costa,EMEA,2025-09-20,,false,0,,,,,
2026-09-14,APP-1560,Indigo Eats,eats.indigomobile.ai,Photo & Video,PUB-0230,Indigo Mobile,indigomobile.ai,iOS,229959,66803,381001.72,229959,66803,381001.72,,,,AppsFlyer,AppsFlyer,2023-08-13,false,,,1,AppsFlyer 2023-08-13,false,,,false,2023-07-19,2027-07-19,308,false,001I6OH4QZL5G8DAAO,Indigo Mobile,domain,0,,Churned,Anders Costa,EMEA,2025-09-20,0,true,0,,,,,
2026-09-14,APP-1561,Sundial Plus,plus.sundialsystems.co,Lifestyle,PUB-0231,Sundial Systems,sundialsystems.co,"Android, iOS",211306,101245,419903.58,77344,37058,153695.98,133962,64187,266207.60,Adjust,Adjust,2023-12-05,false,,,1,Adjust 2023-12-05,false,,,false,2023-12-05,2026-12-05,82,true,001U4OXI88BU4ZXAAO,Sundial Systems,name,0,,Partner,Zara Takahashi,APAC,2025-10-14,,false,0,,,,,
2026-09-14,APP-1562,Sundial Tap,tap.sundialsystems.co,Games,PUB-0231,Sundial Systems,sundialsystems.co,"Android, iOS",146747,69399,475302.80,52674,24910,170607.97,94073,44489,304694.83,Adjust,Adjust,2023-12-10,false,,,1,Adjust 2023-12-10,false,,,false,2023-12-05,2026-12-05,82,true,001U4OXI88BU4ZXAAO,Sundial Systems,name,0,,Partner,Zara Takahashi,APAC,2025-10-14,0,true,0,,,,,
2026-09-14,APP-1563,Hinge Chef,chef.hingeworks.io,Music,PUB-0232,Hinge Works,hingeworks.io,"Android, iOS",84858,26764,338063.72,40324,12718,160647.22,44534,14046,177416.50,Adjust,Adjust,2023-05-11,false,,,1,Adjust 2023-05-11,false,,,false,2023-05-09,2027-05-09,237,false,,,unmatched,0,,,,,,,false,,,,,,
2026-09-14,APP-1564,Hinge Parking,parking.hingeworks.io,Photo & Video,PUB-0232,Hinge Works,hingeworks.io,"Android, iOS",500629,219755,1163054.96,211692,92924,491801.27,288937,126831,671253.69,Adjust,Adjust,2023-05-09,false,,,1,Adjust 2023-05-09,false,,,false,2023-05-09,2027-05-09,237,false,,,unmatched,0,,,,,,,true,,,,,,
2026-09-14,APP-1565,Meridian Go,go.meridianguild.com,Sports,PUB-0233,Meridian Guild,meridianguild.com,Android,10864454,3760553,38849368.86,,,,10864454,3760553,38849368.86,Branch,Branch,2024-01-10,false,,,1,Branch 2024-01-10,false,,,false,2024-01-10,2027-01-10,118,false,0010HW6UBZPW6E6AAO,Meridian Guild,domain,0,,Prospect,Zara Takahashi,APAC,2026-06-10,0,true,0,,,,,
2026-09-14,APP-1566,Loam Style,style.loamcompany.co,Food & Drink,PUB-0234,Loam Company,loamcompany.co,"Android, iOS",189934,78520,328227.60,79004,32661,136528.83,110930,45859,191698.77,AppsFlyer,AppsFlyer,2023-03-31,false,,,1,AppsFlyer 2023-03-31,false,,,false,2023-03-31,2027-03-31,198,false,001MFB3ROP60SWQAAO,Loam Company,domain,0,,Prospect,Camila Haddad,EMEA,2026-07-23,,false,0,prospect_on_singular_sdk,,,,
2026-09-14,APP-1567,Loam Blitz,blitz.loamcompany.co,Entertainment,PUB-0234,Loam Company,loamcompany.co,Android,107562,47113,456040.10,,,,107562,47113,456040.10,AppsFlyer,Singular,2026-06-18,true,AppsFlyer,2023-04-20,2,AppsFlyer 2023-04-20 → Singular 2026-06-18,true,2026-06-18,88,true,2026-06-18,2027-06-18,277,false,001MFB3ROP60SWQAAO,Loam Company,domain,0,,Prospect,Camila Haddad,EMEA,2026-07-23,0,true,0,prospect_on_singular_sdk,,,,
2026-09-14,APP-1568,Ridge Vault,vault.ridgeatelier.ai,Entertainment,PUB-0235,Ridge Atelier,ridgeatelier.ai,"Android, iOS",279645,130034,462419.99,98117,45624,162246.54,181528,84410,300173.45,AppsFlyer,Tenjin,2025-11-08,false,AppsFlyer,2022-04-07,2,AppsFlyer 2022-04-07 → Tenjin 2025-11-08,true,2025-11-08,310,false,2025-11-08,2026-11-08,55,true,001NR9SZXIBZHNEAAO,Ridge Atelier,domain,0,,Prospect,Priya Okonkwo,APAC,2026-02-24,,false,0,,,,,
2026-09-14,APP-1569,Ridge Health,health.ridgeatelier.ai,Games,PUB-0235,Ridge Atelier,ridgeatelier.ai,"Android, iOS",1910140,612911,8333520.35,715220,229494,3120348.71,1194920,383417,5213171.64,AppsFlyer,AppsFlyer,2022-05-10,false,,,1,AppsFlyer 2022-05-10,false,,,false,2022-05-04,2027-05-04,232,false,001NR9SZXIBZHNEAAO,Ridge Atelier,domain,0,,Prospect,Priya Okonkwo,APAC,2026-02-24,0,true,0,,,,,
2026-09-14,APP-1570,Ridge Credit,credit.ridgeatelier.ai,Music,PUB-0235,Ridge Atelier,ridgeatelier.ai,"Android, iOS",62649,21613,101337.17,29477,10169,47679.85,33172,11444,53657.32,AppsFlyer,AppsFlyer,2022-05-04,false,,,1,AppsFlyer 2022-05-04,false,,,false,2022-05-04,2027-05-04,232,false,001NR9SZXIBZHNEAAO,Ridge Atelier,domain,0,,Prospect,Priya Okonkwo,APAC,2026-02-24,,false,0,,,,,
2026-09-14,APP-1571,Kappa Puzzle,puzzle.kappaapps.app,Music,PUB-0236,Kappa Apps,kappaapps.app,"Android, iOS",1124706,325435,1811557.45,474205,137212,763799.51,650501,188223,1047757.94,Adjust,AppsFlyer,2022-08-02,false,,,1,AppsFlyer 2022-08-02,false,,,false,2022-08-02,2027-08-02,322,false,,,unmatched,0,,,,,,,false,,,,,,
2026-09-14,APP-1572,Kappa Fit,fit.kappaapps.app,Productivity,PUB-0236,Kappa Apps,kappaapps.app,"Android, iOS",239643,67467,539857.96,101937,28698,229639.69,137706,38769,310218.27,Adjust,AppsFlyer,2022-08-20,false,,,1,AppsFlyer 2022-08-20,false,,,false,2022-08-02,2027-08-02,322,false,,,unmatched,0,,,,,,,false,,,,,,
2026-09-14,APP-1573,Kappa Go,go.kappaapps.app,Games,PUB-0236,Kappa Apps,kappaapps.app,"Android, iOS",2436922,1153488,4009758.58,986355,466879,1622967.76,1450567,686609,2386790.82,Adjust,Adjust,2026-08-27,false,AppsFlyer,2022-08-23,2,AppsFlyer 2022-08-23 → Adjust 2026-08-27,true,2026-08-27,18,true,2026-08-27,2027-08-27,347,false,,,unmatched,0,,,,,,,true,,,,,,
2026-09-14,APP-1574,Wharf Puzzle,puzzle.wharfplay.com,Productivity,PUB-0237,Wharf Play,wharfplay.com,"Android, iOS",28073,11819,79581.88,12893,5428,36550.05,15180,6391,43031.83,AppsFlyer,AppsFlyer,2024-09-22,false,,,1,AppsFlyer 2024-09-22,false,,,false,2024-09-22,2026-09-22,8,true,0011IRPOBHXHIO0AAO,Wharf Play,domain,0,,Prospect,Anders Costa,EMEA,2026-05-27,0,true,0,,,,,
2026-09-14,APP-1575,Verdant Cards,cards.verdanthouse.com,Education,PUB-0238,Verdant House,verdanthouse.com,"Android, iOS",87922,38690,72027.16,36902,16238,30230.51,51020,22452,41796.65,Adjust,Adjust,2021-11-05,false,,,1,Adjust 2021-11-05,false,,,false,2021-11-05,2026-11-05,52,true,,,unmatched,0,,,,,,,false,,,,,,
2026-09-14,APP-1576,Verdant Weather,weather.verdanthouse.com,Productivity,PUB-0238,Verdant House,verdanthouse.com,"Android, iOS",197203,72002,152941.14,73470,26825,56979.68,123733,45177,95961.46,Adjust,Adjust,2021-11-08,false,,,1,Adjust 2021-11-08,false,,,false,2021-11-05,2026-11-05,52,true,,,unmatched,0,,,,,,,true,,,,,,
2026-09-14,APP-1577,Verdant Transit,transit.verdanthouse.com,Entertainment,PUB-0238,Verdant House,verdanthouse.com,"Android, iOS",8428,3060,7720.35,3402,1235,3116.73,5026,1825,4603.62,Adjust,Adjust,2021-12-06,false,,,1,Adjust 2021-12-06,false,,,false,2021-11-05,2026-11-05,52,true,,,unmatched,0,,,,,,,false,,,,,,
2026-09-14,APP-1578,Verdant Eats,eats.verdanthouse.com,Entertainment,PUB-0238,Verdant House,verdanthouse.com,"Android, iOS",16679,7898,47362.32,7708,3650,21888.72,8971,4248,25473.60,Adjust,Adjust,2021-11-28,false,,,1,Adjust 2021-11-28,false,,,false,2021-11-05,2026-11-05,52,true,,,unmatched,0,,,,,,,false,,,,,,
2026-09-14,APP-1579,Verdant Charge,charge.verdanthouse.com,Business,PUB-0238,Verdant House,verdanthouse.com,"Android, iOS",8738,4018,36033.08,4039,1857,16656.89,4699,2161,19376.19,Adjust,AppsFlyer,2026-01-06,false,Adjust,2021-11-18,2,Adjust 2021-11-18 → AppsFlyer 2026-01-06,true,2026-01-06,251,false,2026-01-06,2027-01-06,114,false,,,unmatched,0,,,,,,,false,,,,,,
2026-09-14,APP-1580,Lyre Maps,maps.lyrestudios.ai,Sports,PUB-0239,Lyre Studios,lyrestudios.ai,"Android, iOS",12816,4981,44018.46,5106,1984,17537.79,7710,2997,26480.67,AppsFlyer,AppsFlyer,2021-02-19,false,,,1,AppsFlyer 2021-02-19,false,,,false,2021-02-02,2027-02-02,141,false,0016YDQ2HQTGMWRAAO,Lyre Studios,domain,0,,Prospect,Dara Nandakumar,LATAM,2025-07-24,,false,0,,,,,
2026-09-14,APP-1581,Lyre Parking,parking.lyrestudios.ai,Health & Fitness,PUB-0239,Lyre Studios,lyrestudios.ai,"Android, iOS",243655,111667,901700.23,119171,54616,441018.79,124484,57051,460681.44,AppsFlyer,Branch,2026-03-02,false,AppsFlyer,2021-03-03,2,AppsFlyer 2021-03-03 → Branch 2026-03-02,true,2026-03-02,196,false,2026-03-02,2027-03-02,169,false,0016YDQ2HQTGMWRAAO,Lyre Studios,domain,0,,Prospect,Dara Nandakumar,LATAM,2025-07-24,0,true,0,,,,,
2026-09-14,APP-1582,Lyre Notes,notes.lyrestudios.ai,Finance,PUB-0239,Lyre Studios,lyrestudios.ai,"Android, iOS",117801,38198,379541.16,45025,14600,145066.94,72776,23598,234474.22,AppsFlyer,AppsFlyer,2021-03-06,false,,,1,AppsFlyer 2021-03-06,false,,,false,2021-02-02,2027-02-02,141,false,0016YDQ2HQTGMWRAAO,Lyre Studios,domain,0,,Prospect,Dara Nandakumar,LATAM,2025-07-24,,false,0,,,,,
2026-09-14,APP-1583,Lyre Now,now.lyrestudios.ai,Entertainment,PUB-0239,Lyre Studios,lyrestudios.ai,"Android, iOS",288021,116524,281964.88,113222,45806,110841.60,174799,70718,171123.28,AppsFlyer,AppsFlyer,2021-02-02,false,,,1,AppsFlyer 2021-02-02,false,,,false,2021-02-02,2027-02-02,141,false,0016YDQ2HQTGMWRAAO,Lyre Studios,domain,0,,Prospect,Dara Nandakumar,LATAM,2025-07-24,,false,0,,,,,
2026-09-14,APP-1584,Lyre Coach,coach.lyrestudios.ai,Games,PUB-0239,Lyre Studios,lyrestudios.ai,"Android, iOS",198932,90581,715719.08,97356,44330,350267.22,101576,46251,365451.86,AppsFlyer,AppsFlyer,2021-02-20,false,,,1,AppsFlyer 2021-02-20,false,,,false,2021-02-02,2027-02-02,141,false,0016YDQ2HQTGMWRAAO,Lyre Studios,domain,0,,Prospect,Dara Nandakumar,LATAM,2025-07-24,,false,0,,,,,
2026-09-14,APP-1585,Wharf Saga,saga.wharfstudio.co,Business,PUB-0240,Wharf Studio,wharfstudio.co,"Android, iOS",1216340,431484,1481489.76,471846,167382,574703.90,744494,264102,906785.86,Branch,Branch,2025-01-20,false,,,1,Branch 2025-01-20,false,,,false,2025-01-20,2027-01-20,128,false,00192GSTK4F1QDHAAO,Wharf Studio,domain,0,,Churned,Zara Takahashi,APAC,2025-09-20,0,true,0,,,,,
2026-09-14,APP-1586,Kettle Tracker,tracker.kettleindustries.dev,Weather,PUB-0241,Kettle Industries,kettleindustries.dev,"Android, iOS",207805,99560,356004.90,82873,39705,141975.75,124932,59855,214029.15,Airbridge,Airbridge,2024-06-11,false,,,1,Airbridge 2024-06-11,false,,,false,2024-06-07,2027-06-07,266,false,001U0PAVT5UP5T8AAO,Kettle Industries GmbH,domain,1,0013K6AZQQHSDNGAAO,Prospect,Camila Haddad,EMEA,2026-06-29,,false,0,,,,,
2026-09-14,APP-1587,Kettle Charge,charge.kettleindustries.dev,Social,PUB-0241,Kettle Industries,kettleindustries.dev,"Android, iOS",169047,71935,497813.05,76774,32670,226086.93,92273,39265,271726.12,Airbridge,Airbridge,2024-06-07,false,,,1,Airbridge 2024-06-07,false,,,false,2024-06-07,2027-06-07,266,false,001U0PAVT5UP5T8AAO,Kettle Industries GmbH,domain,1,0013K6AZQQHSDNGAAO,Prospect,Camila Haddad,EMEA,2026-06-29,0,true,0,,,,,
2026-09-14,APP-1588,Kettle Deck,deck.kettleholdings.com,Entertainment,PUB-0242,Kettle Holdings,kettleholdings.com,"Android, iOS",66660,30215,127647.87,26317,11928,50394.13,40343,18287,77253.74,Branch,Branch,2021-02-18,false,,,1,Branch 2021-02-18,false,,,false,2021-02-18,2027-02-18,157,false,001BU98EL5SQ84HAAO,Kettle Holdings,domain,0,,Partner,Zara Takahashi,APAC,2026-04-02,,false,0,,,,,
2026-09-14,APP-1589,Kettle Arena,arena.kettleholdings.com,Productivity,PUB-0242,Kettle Holdings,kettleholdings.com,"Android, iOS",245827,80292,603435.10,111455,36403,273589.32,134372,43889,329845.78,Branch,Branch,2021-02-23,false,Singular,2021-02-03,2,Singular 2021-02-03 → Branch 2021-02-23,true,2021-02-23,2029,false,2021-02-18,2027-02-18,157,false,001BU98EL5SQ84HAAO,Kettle Holdings,domain,0,,Partner,Zara Takahashi,APAC,2026-04-02,0,true,0,,,,,
2026-09-14,APP-1590,Dune Tutor,tutor.dunelabs.com,Business,PUB-0243,Dune Labs,dunelabs.com,iOS,172948,73679,639613.05,172948,73679,639613.05,,,,Adjust,Adjust,2023-10-22,false,,,1,Adjust 2023-10-22,false,,,false,2023-09-20,2026-09-20,6,true,001F8VMYOORTG4UAAO,Dune Labs,domain,0,,Customer,Priya Okonkwo,APAC,2025-08-18,,false,691000,customer_without_singular_sdk,,,,
2026-09-14,APP-1591,Dune Weather,weather.dunelabs.com,Shopping,PUB-0243,Dune Labs,dunelabs.com,"Android, iOS",153954,57770,525423.66,69757,26176,238069.44,84197,31594,287354.22,Adjust,Adjust,2023-10-20,false,,,1,Adjust 2023-10-20,false,,,false,2023-09-20,2026-09-20,6,true,001F8VMYOORTG4UAAO,Dune Labs,domain,0,,Customer,Priya Okonkwo,APAC,2025-08-18,,false,691000,customer_without_singular_sdk,,,,
2026-09-14,APP-1592,Dune Stay,stay.dunelabs.com,Weather,PUB-0243,Dune Labs,dunelabs.com,"Android, iOS",2751841,889417,10382372.17,1077547,348272,4065458.92,1674294,541145,6316913.25,Adjust,Adjust,2023-09-27,false,,,1,Adjust 2023-09-27,false,,,false,2023-09-20,2026-09-20,6,true,001F8VMYOORTG4UAAO,Dune Labs,domain,0,,Customer,Priya Okonkwo,APAC,2025-08-18,691000,true,691000,customer_without_singular_sdk,,,,
2026-09-14,APP-1593,Dune Cart,cart.dunelabs.com,Health & Fitness,PUB-0243,Dune Labs,dunelabs.com,"Android, iOS",199429,70939,793465.04,91753,32638,365057.51,107676,38301,428407.53,Adjust,Adjust,2023-10-15,false,,,1,Adjust 2023-10-15,false,,,false,2023-09-20,2026-09-20,6,true,001F8VMYOORTG4UAAO,Dune Labs,domain,0,,Customer,Priya Okonkwo,APAC,2025-08-18,,false,691000,customer_without_singular_sdk,,,,
2026-09-14,APP-1594,Dune Quest,quest.dunelabs.com,News,PUB-0243,Dune Labs,dunelabs.com,"Android, iOS",609067,208124,554614.55,256291,87577,233378.22,352776,120547,321236.33,Adjust,Adjust,2023-09-20,false,,,1,Adjust 2023-09-20,false,,,false,2023-09-20,2026-09-20,6,true,001F8VMYOORTG4UAAO,Dune Labs,domain,0,,Customer,Priya Okonkwo,APAC,2025-08-18,,false,691000,customer_without_singular_sdk,,,,
2026-09-14,APP-1595,Dune Calm,calm.dunelabs.com,Finance,PUB-0243,Dune Labs,dunelabs.com,"Android, iOS",53774,20785,204843.95,20878,8070,79533.30,32896,12715,125310.65,Adjust,AppsFlyer,2026-07-14,false,Adjust,2023-10-07,2,Adjust 2023-10-07 → AppsFlyer 2026-07-14,true,2026-07-14,62,true,2026-07-14,2027-07-14,303,false,001F8VMYOORTG4UAAO,Dune Labs,domain,0,,Customer,Priya Okonkwo,APAC,2025-08-18,,false,691000,customer_without_singular_sdk,,,,
2026-09-14,APP-1596,Orbit Coach,coach.orbithouse.io,Games,PUB-0244,Orbit House,orbithouse.io,"Android, iOS",2826983,1050288,3841776.98,1145628,425627,1556871.15,1681355,624661,2284905.83,AppsFlyer,AppsFlyer,2026-02-08,false,Singular,2022-10-30,2,Singular 2022-10-30 → AppsFlyer 2026-02-08,true,2026-02-08,218,false,2026-02-08,2027-02-08,147,false,001A9VN5I4RAJ7YAAO,Orbit House,domain,0,,Partner,Viktor Costa,EMEA,2026-02-01,0,true,0,,,,,
2026-09-14,APP-1597,Orbit Blitz,blitz.orbithouse.io,Music,PUB-0244,Orbit House,orbithouse.io,"Android, iOS",697729,222392,2645484.22,255630,81479,969239.48,442099,140913,1676244.74,AppsFlyer,Singular,2022-10-27,true,,,1,Singular 2022-10-27,false,,,false,2022-10-27,2026-10-27,43,true,001A9VN5I4RAJ7YAAO,Orbit House,domain,0,,Partner,Viktor Costa,EMEA,2026-02-01,,false,0,,,,,
2026-09-14,APP-1598,Drift Lite,lite.driftcompany.io,Entertainment,PUB-0245,Drift Company,driftcompany.io,"Android, iOS",613092,174745,2310540.58,250224,71320,943013.29,362868,103425,1367527.29,Kochava,Kochava,2023-06-06,false,,,1,Kochava 2023-06-06,false,,,false,2023-06-04,2027-06-04,263,false,001HBTPLYQHQKQKAAO,Drift Company,domain,0,,Prospect,Dara Nandakumar,LATAM,2026-02-25,0,true,0,,,,,
2026-09-14,APP-1599,Drift Chef,chef.driftcompany.io,Sports,PUB-0245,Drift Company,driftcompany.io,"Android, iOS",46796,22286,145582.15,18736,8923,58287.88,28060,13363,87294.27,Kochava,Kochava,2023-06-04,false,,,1,Kochava 2023-06-04,false,,,false,2023-06-04,2027-06-04,263,false,001HBTPLYQHQKQKAAO,Drift Company,domain,0,,Prospect,Dara Nandakumar,LATAM,2026-02-25,,false,0,,,,,
2026-09-14,APP-1600,Drift Learn,learn.driftcompany.io,News,PUB-0245,Drift Company,driftcompany.io,"Android, iOS",110156,47126,339567.09,47258,20218,145678.68,62898,26908,193888.41,Kochava,Kochava,2023-06-22,false,,,1,Kochava 2023-06-22,false,,,false,2023-06-04,2027-06-04,263,false,001HBTPLYQHQKQKAAO,Drift Company,domain,0,,Prospect,Dara Nandakumar,LATAM,2026-02-25,,false,0,,,,,
2026-09-14,APP-1601,Yarrow Table,table.yarrowcompany.com,Entertainment,PUB-0246,Yarrow Company,yarrowcompany.com,"Android, iOS",84818,28996,260074.62,33989,11619,104219.37,50829,17377,155855.25,Kochava,Kochava,2023-12-07,false,,,1,Kochava 2023-12-07,false,,,false,2023-12-07,2026-12-07,84,true,001JSHECDSDX2B8AAO,Yarrow Company,domain,0,,Partner,Dara Nandakumar,LATAM,2025-10-27,0,true,0,,,,,
2026-09-14,APP-1602,Onyx Puzzle,puzzle.onyxpartners.com,Finance,PUB-0247,Onyx Partners,onyxpartners.com,"Android, iOS",296921,126028,446901.04,114375,48546,172148.40,182546,77482,274752.64,Adjust,Adjust,2021-05-16,false,,,1,Adjust 2021-05-16,false,,,false,2021-05-16,2027-05-16,244,false,0017O5FL07V3RU4AAO,Onyx Partners,domain,0,,Churned,Dara Nandakumar,LATAM,2026-02-24,0,true,0,,,,,
2026-09-14,APP-1603,Dune Blitz,blitz.duneapps.co,Productivity,PUB-0248,Dune Apps,duneapps.co,"Android, iOS",103406,48861,390844.82,48226,22788,182280.97,55180,26073,208563.85,AppsFlyer,AppsFlyer,2022-09-22,false,,,1,AppsFlyer 2022-09-22,false,,,false,2022-09-22,2026-09-22,8,true,0017BWU9MUUT9QOAAO,Dune Apps,domain,0,,Prospect,Zara Okonkwo,US,2025-10-26,0,true,0,,,,,
2026-09-14,APP-1604,Cedar Ride,ride.cedartechnologies.com,Health & Fitness,PUB-0249,Cedar Technologies,cedartechnologies.com,"Android, iOS",286901,89242,539147.74,137350,42724,258110.65,149551,46518,281037.09,Singular,Singular,2022-07-16,true,,,1,Singular 2022-07-16,false,,,false,2022-07-16,2027-07-16,305,false,,,unmatched,0,,,,,,,true,,,,,,
2026-09-14,APP-1605,Ridge Pro,pro.ridgecompany.com,Weather,PUB-0250,Ridge Company,ridgecompany.com,"Android, iOS",120696,41392,397500.14,54673,18750,180060.42,66023,22642,217439.72,AppsFlyer,AppsFlyer,2023-04-09,false,,,1,AppsFlyer 2023-04-09,false,,,false,2023-04-09,2027-04-09,207,false,,,unmatched,0,,,,,,,true,,,001OBC5DG0WVP1KAAO,Ridge Company Holdings,Customer,Camila Haddad
2026-09-14,APP-1606,Kappa Studio,studio.kappafoundry.app,Travel,PUB-0251,Kappa Foundry,kappafoundry.app,"Android, iOS",228110,70999,716938.95,93709,29167,294524.76,134401,41832,422414.19,Adjust,Adjust,2021-10-28,false,,,1,Adjust 2021-10-28,false,,,false,2021-10-28,2026-10-28,44,true,001OKM8UWVU6B5AAAO,Kappa Foundry,domain,0,,Prospect,Viktor Costa,EMEA,2026-04-11,0,true,0,,,,,
2026-09-14,APP-1607,Rivet Go,go.rivetstudio.co,Health & Fitness,PUB-0252,Rivet Studio,rivetstudio.co,"Android, iOS",198685,66904,221358.14,74003,24919,82447.80,124682,41985,138910.34,Adjust,Adjust,2025-07-25,false,,,1,Adjust 2025-07-25,false,,,false,2025-07-25,2027-07-25,314,false,001U2WA21BVZJ7QAAO,Rivet Studio,domain,0,,Churned,Dara Nandakumar,LATAM,2026-08-07,,false,0,,,,,
2026-09-14,APP-1608,Rivet Style,style.rivetstudio.co,Finance,PUB-0252,Rivet Studio,rivetstudio.co,"Android, iOS",111758,37796,293814.61,47965,16222,126102.03,63793,21574,167712.58,Adjust,Kochava,2026-04-05,false,Adjust,2025-08-13,2,Adjust 2025-08-13 → Kochava 2026-04-05,true,2026-04-05,162,false,2026-04-05,2027-04-05,203,false,001U2WA21BVZJ7QAAO,Rivet Studio,domain,0,,Churned,Dara Nandakumar,LATAM,2026-08-07,0,true,0,,,,,
2026-09-14,APP-1609,Prairie Sports,sports.prairiedynamics.com,Utilities,PUB-0253,Prairie Dynamics,prairiedynamics.com,iOS,679284,231990,1714097.41,679284,231990,1714097.41,,,,Adjust,Adjust,2025-02-02,false,,,1,Adjust 2025-02-02,false,,,false,2025-02-02,2027-02-02,141,false,001RFT6ID6PFF0AAAO,Prairie Dynamics,domain,0,,Customer,Zara Takahashi,APAC,2026-01-08,,false,414000,customer_without_singular_sdk,,,,
2026-09-14,APP-1610,Prairie Wallet,wallet.prairiedynamics.com,News,PUB-0253,Prairie Dynamics,prairiedynamics.com,Android,2457972,1088833,2347565.46,,,,2457972,1088833,2347565.46,Adjust,Adjust,2025-02-20,false,,,1,Adjust 2025-02-20,false,,,false,2025-02-02,2027-02-02,141,false,001RFT6ID6PFF0AAAO,Prairie Dynamics,domain,0,,Customer,Zara Takahashi,APAC,2026-01-08,414000,true,414000,customer_without_singular_sdk,,,,
2026-09-14,APP-1611,Sundial Health,health.sundialsolutions.com,Lifestyle,PUB-0254,Sundial Solutions,sundialsolutions.com,Android,1677927,700186,3543449.51,,,,1677927,700186,3543449.51,Kochava,Kochava,2022-08-02,false,,,1,Kochava 2022-08-02,false,,,false,2022-08-01,2027-08-01,321,false,001WTD6ZSWD3PFXAAO,Sundial Solutions,domain,0,,Prospect,Tobias Diallo,US,2026-03-30,,false,0,,,,,
2026-09-14,APP-1612,Sundial Rush,rush.sundialsolutions.com,Sports,PUB-0254,Sundial Solutions,sundialsolutions.com,"Android, iOS",49098,19233,150358.67,17851,6993,54667.21,31247,12240,95691.46,Kochava,Kochava,2022-08-14,false,,,1,Kochava 2022-08-14,false,,,false,2022-08-01,2027-08-01,321,false,001WTD6ZSWD3PFXAAO,Sundial Solutions,domain,0,,Prospect,Tobias Diallo,US,2026-03-30,,false,0,,,,,
2026-09-14,APP-1613,Sundial Home,home.sundialsolutions.com,Weather,PUB-0254,Sundial Solutions,sundialsolutions.com,"Android, iOS",11686556,4439018,24705699.12,5749016,2183705,12153577.50,5937540,2255313,12552121.62,Kochava,Kochava,2022-08-01,false,,,1,Kochava 2022-08-01,false,,,false,2022-08-01,2027-08-01,321,false,001WTD6ZSWD3PFXAAO,Sundial Solutions,domain,0,,Prospect,Tobias Diallo,US,2026-03-30,0,true,0,,,,,
2026-09-14,APP-1614,Opal Bank,bank.opalholdings.app,Business,PUB-0255,Opal Holdings,opalholdings.app,"Android, iOS",246495,88229,541102.55,116433,41676,255593.26,130062,46553,285509.29,Kochava,Kochava,2022-03-16,false,Adjust,2022-03-07,2,Adjust 2022-03-07 → Kochava 2022-03-16,true,2022-03-16,1643,false,2022-03-16,2027-03-16,183,false,0010K7BTO4RMUXBAAO,Opal Holdings,domain,0,,Customer,Priya Okonkwo,APAC,2026-05-04,17000,true,17000,customer_without_singular_sdk,,,,
2026-09-14,APP-1615,Opal Weather,weather.opalholdings.app,Games,PUB-0255,Opal Holdings,opalholdings.app,"Android, iOS",111129,45525,101181.34,51254,20997,46666.29,59875,24528,54515.05,Kochava,Adjust,2022-04-11,false,,,1,Adjust 2022-04-11,false,,,false,2022-04-11,2027-04-11,209,false,0010K7BTO4RMUXBAAO,Opal Holdings,domain,0,,Customer,Priya Okonkwo,APAC,2026-05-04,,false,17000,customer_without_singular_sdk,,,,
2026-09-14,APP-1616,Meridian Invest,invest.meridiangroup.com,News,PUB-0256,Meridian Group,meridiangroup.com,"Android, iOS",15603,7469,60160.06,6673,3194,25730.90,8930,4275,34429.16,Adjust,Adjust,2022-10-11,false,,,1,Adjust 2022-10-11,false,,,false,2022-09-05,2027-09-05,356,false,001A5LRTNUVTVA3AAO,Meridian Group,domain,0,,Prospect,Anders Costa,EMEA,2026-09-04,,false,0,,,,,
2026-09-14,APP-1617,Meridian Market,market.meridiangroup.com,Photo & Video,PUB-0256,Meridian Group,meridiangroup.com,"Android, iOS",80814,33790,185839.07,38341,16031,88169.38,42473,17759,97669.69,Adjust,Adjust,2022-09-22,false,,,1,Adjust 2022-09-22,false,,,false,2022-09-05,2027-09-05,356,false,001A5LRTNUVTVA3AAO,Meridian Group,domain,0,,Prospect,Anders Costa,EMEA,2026-09-04,,false,0,,,,,
2026-09-14,APP-1618,Meridian Health,health.meridiangroup.com,Shopping,PUB-0256,Meridian Group,meridiangroup.com,"Android, iOS",135869,50938,128875.70,50687,19003,48078.14,85182,31935,80797.56,Adjust,Adjust,2022-09-26,false,,,1,Adjust 2022-09-26,false,,,false,2022-09-05,2027-09-05,356,false,001A5LRTNUVTVA3AAO,Meridian Group,domain,0,,Prospect,Anders Costa,EMEA,2026-09-04,,false,0,,,,,
2026-09-14,APP-1619,Meridian Kids,kids.meridiangroup.com,Shopping,PUB-0256,Meridian Group,meridiangroup.com,"Android, iOS",2808532,1336451,4046515.25,1295559,616497,1866633.01,1512973,719954,2179882.24,Adjust,Adjust,2022-09-05,false,,,1,Adjust 2022-09-05,false,,,false,2022-09-05,2027-09-05,356,false,001A5LRTNUVTVA3AAO,Meridian Group,domain,0,,Prospect,Anders Costa,EMEA,2026-09-04,0,true,0,,,,,
2026-09-14,APP-1620,Meridian Radio,radio.meridiangroup.com,Utilities,PUB-0256,Meridian Group,meridiangroup.com,"Android, iOS",1528533,461754,1054618.60,588603,177811,406109.38,939930,283943,648509.22,Adjust,Adjust,2022-09-09,false,,,1,Adjust 2022-09-09,false,,,false,2022-09-05,2027-09-05,356,false,001A5LRTNUVTVA3AAO,Meridian Group,domain,0,,Prospect,Anders Costa,EMEA,2026-09-04,,false,0,,,,,
2026-09-14,APP-1621,Jubilee Health,health.jubileemobile.com,Social,PUB-0257,Jubilee Mobile,jubileemobile.com,Android,211907,86097,783504.63,,,,211907,86097,783504.63,Adjust,Adjust,2023-02-09,false,,,1,Adjust 2023-02-09,false,,,false,2022-12-30,2026-12-30,107,false,001YPE6J07BMK2BAAO,Jubilee Mobile,domain,0,,Prospect,Camila Haddad,EMEA,2025-10-03,0,true,0,,,,,
2026-09-14,APP-1622,Jubilee Quest,quest.jubileemobile.com,Sports,PUB-0257,Jubilee Mobile,jubileemobile.com,Android,242279,81536,556849.95,,,,242279,81536,556849.95,Adjust,Adjust,2022-12-30,false,,,1,Adjust 2022-12-30,false,,,false,2022-12-30,2026-12-30,107,false,001YPE6J07BMK2BAAO,Jubilee Mobile,domain,0,,Prospect,Camila Haddad,EMEA,2025-10-03,,false,0,,,,,
2026-09-14,APP-1623,Jubilee Coach,coach.jubileemobile.com,Sports,PUB-0257,Jubilee Mobile,jubileemobile.com,"Android, iOS",153033,57026,358130.65,57183,21308,133820.35,95850,35718,224310.30,Adjust,Adjust,2023-01-01,false,,,1,Adjust 2023-01-01,false,,,false,2022-12-30,2026-12-30,107,false,001YPE6J07BMK2BAAO,Jubilee Mobile,domain,0,,Prospect,Camila Haddad,EMEA,2025-10-03,,false,0,,,,,
2026-09-14,APP-1624,Kiln Transit,transit.kilnlabs.com,Social,PUB-0258,Kiln Labs,kilnlabs.com,"Android, iOS",2065277,829507,4705575.08,734822,295137,1674235.28,1330455,534370,3031339.80,Singular,Singular,2024-12-15,true,,,1,Singular 2024-12-15,false,,,false,2024-12-15,2026-12-15,92,false,,,unmatched,0,,,,,,,true,,,,,,
2026-09-14,APP-1625,Kiln Rush,rush.kilnlabs.com,Lifestyle,PUB-0258,Kiln Labs,kilnlabs.com,"Android, iOS",33577,14012,101243.12,16590,6923,50022.72,16987,7089,51220.40,Singular,Singular,2025-01-06,true,,,1,Singular 2025-01-06,false,,,false,2024-12-15,2026-12-15,92,false,,,unmatched,0,,,,,,,false,,,,,,
2026-09-14,APP-1626,Kiln Lite,lite.kilnlabs.com,Music,PUB-0258,Kiln Labs,kilnlabs.com,"Android, iOS",69613,26041,135583.27,32277,12074,62865.84,37336,13967,72717.43,Singular,Airbridge,2025-12-21,false,Singular,2025-01-13,2,Singular 2025-01-13 → Airbridge 2025-12-21,true,2025-12-21,267,false,2025-12-21,2026-12-21,98,false,,,unmatched,0,,,,,,,false,,,,,,
2026-09-14,APP-1627,Lantern Eats,eats.lanternpartners.io,Weather,PUB-0259,Lantern Partners,lanternpartners.io,"Android, iOS",88773,38363,68100.21,38779,16758,29748.86,49994,21605,38351.35,Branch,Branch,2025-03-24,false,,,1,Branch 2025-03-24,false,,,false,2025-03-24,2027-03-24,191,false,001E8KJNX7G0L3JAAO,Lantern Partners,domain,0,,Partner,Zara Okonkwo,US,2026-03-10,,false,0,,,,,
2026-09-14,APP-1628,Lantern Pulse,pulse.lanternpartners.io,Utilities,PUB-0259,Lantern Partners,lanternpartners.io,"Android, iOS",99641,31508,142884.30,48798,15431,69976.23,50843,16077,72908.07,Branch,Branch,2025-03-26,false,,,1,Branch 2025-03-26,false,,,false,2025-03-24,2027-03-24,191,false,001E8KJNX7G0L3JAAO,Lantern Partners,domain,0,,Partner,Zara Okonkwo,US,2026-03-10,0,true,0,,,,,
2026-09-14,APP-1629,Nova Cart,cart.novahouse.com,Education,PUB-0260,Nova House,novahouse.com,"Android, iOS",3392112,1326773,12945593.59,1670759,653492,6376251.98,1721353,673281,6569341.61,AppsFlyer,AppsFlyer,2022-10-21,false,,,1,AppsFlyer 2022-10-21,false,,,false,2022-09-26,2026-09-26,12,true,00190JB5W7PQ787AAO,Nova House,domain,0,,Customer,Viktor Costa,EMEA,2026-01-14,21000,true,21000,customer_without_singular_sdk,,,,
2026-09-14,APP-1630,Nova Go,go.novahouse.com,Health & Fitness,PUB-0260,Nova House,novahouse.com,"Android, iOS",76114,30796,154785.56,36805,14891,74847.10,39309,15905,79938.46,AppsFlyer,AppsFlyer,2022-09-26,false,,,1,AppsFlyer 2022-09-26,false,,,false,2022-09-26,2026-09-26,12,true,00190JB5W7PQ787AAO,Nova House,domain,0,,Customer,Viktor Costa,EMEA,2026-01-14,,false,21000,customer_without_singular_sdk,,,,
2026-09-14,APP-1631,Ivory Stay,stay.ivorystudio.co,Social,PUB-0261,Ivory Studio,ivorystudio.co,"Android, iOS",4999601,2128787,18988262.27,2307898,982683,8765292.55,2691703,1146104,10222969.72,Kochava,Kochava,2023-10-08,false,,,1,Kochava 2023-10-08,false,,,false,2023-09-22,2026-09-22,8,true,,,unmatched,0,,,,,,,true,,,001BRKGSTKNTOHZAAO,Ivory Studio Holdings,Prospect,Dara Nandakumar
2026-09-14,APP-1632,Ivory Pay,pay.ivorystudio.co,Entertainment,PUB-0261,Ivory Studio,ivorystudio.co,iOS,64659,27068,285514.07,64659,27068,285514.07,,,,Kochava,Kochava,2023-09-26,false,,,1,Kochava 2023-09-26,false,,,false,2023-09-22,2026-09-22,8,true,,,unmatched,0,,,,,,,false,,,001BRKGSTKNTOHZAAO,Ivory Studio Holdings,Prospect,Dara Nandakumar
2026-09-14,APP-1633,Ivory Market,market.ivorystudio.co,Food & Drink,PUB-0261,Ivory Studio,ivorystudio.co,"Android, iOS",1631933,489222,1237761.17,647347,194062,490989.19,984586,295160,746771.98,Kochava,Kochava,2023-10-20,false,,,1,Kochava 2023-10-20,false,,,false,2023-09-22,2026-09-22,8,true,,,unmatched,0,,,,,,,false,,,001BRKGSTKNTOHZAAO,Ivory Studio Holdings,Prospect,Dara Nandakumar
2026-09-14,APP-1634,Ivory Kids,kids.ivorystudio.co,Social,PUB-0261,Ivory Studio,ivorystudio.co,"Android, iOS",32603,10952,77097.34,15804,5309,37372.93,16799,5643,39724.41,Kochava,Kochava,2023-09-22,false,,,1,Kochava 2023-09-22,false,,,false,2023-09-22,2026-09-22,8,true,,,unmatched,0,,,,,,,false,,,001BRKGSTKNTOHZAAO,Ivory Studio Holdings,Prospect,Dara Nandakumar
2026-09-14,APP-1635,Ivory Dating,dating.ivorystudio.co,Finance,PUB-0261,Ivory Studio,ivorystudio.co,"Android, iOS",126034,50329,345843.97,54118,21611,148503.68,71916,28718,197340.29,Kochava,Kochava,2023-10-26,false,,,1,Kochava 2023-10-26,false,,,false,2023-09-22,2026-09-22,8,true,,,unmatched,0,,,,,,,false,,,001BRKGSTKNTOHZAAO,Ivory Studio Holdings,Prospect,Dara Nandakumar
2026-09-14,APP-1636,Zephyr Mind,mind.zephyrguild.app,Finance,PUB-0262,Zephyr Guild,zephyrguild.app,"Android, iOS",1811954,856807,6329439.76,678499,320837,2370103.55,1133455,535970,3959336.21,Branch,Branch,2021-01-24,false,,,1,Branch 2021-01-24,false,,,false,2021-01-24,2027-01-24,132,false,0010HKGAL0F9Y1YAAO,Zephyr Guild,domain,0,,Prospect,Viktor Costa,EMEA,2026-03-03,0,true,0,,,,,
2026-09-14,APP-1637,Zephyr Clip,clip.zephyrguild.app,Music,PUB-0262,Zephyr Guild,zephyrguild.app,"Android, iOS",142295,66282,337041.97,56226,26190,133178.39,86069,40092,203863.58,Branch,Branch,2021-02-13,false,,,1,Branch 2021-02-13,false,,,false,2021-01-24,2027-01-24,132,false,0010HKGAL0F9Y1YAAO,Zephyr Guild,domain,0,,Prospect,Viktor Costa,EMEA,2026-03-03,,false,0,,,,,
2026-09-14,APP-1638,Zephyr Transit,transit.zephyrguild.app,Business,PUB-0262,Zephyr Guild,zephyrguild.app,"Android, iOS",255523,97181,446384.59,97410,37047,170169.34,158113,60134,276215.25,Branch,Branch,2021-02-14,false,,,1,Branch 2021-02-14,false,,,false,2021-01-24,2027-01-24,132,false,0010HKGAL0F9Y1YAAO,Zephyr Guild,domain,0,,Prospect,Viktor Costa,EMEA,2026-03-03,,false,0,,,,,
2026-09-14,APP-1639,Zephyr Quest,quest.zephyrguild.app,Food & Drink,PUB-0262,Zephyr Guild,zephyrguild.app,"Android, iOS",149890,45268,488699.00,59919,18096,195358.98,89971,27172,293340.02,Branch,Branch,2021-01-28,false,,,1,Branch 2021-01-28,false,,,false,2021-01-24,2027-01-24,132,false,0010HKGAL0F9Y1YAAO,Zephyr Guild,domain,0,,Prospect,Viktor Costa,EMEA,2026-03-03,,false,0,,,,,
2026-09-14,APP-1640,Rivet Style,style.rivetapplications.com,Photo & Video,PUB-0263,Rivet Applications,rivetapplications.com,"Android, iOS",33990,10735,112537.98,14081,4447,46620.62,19909,6288,65917.36,AppsFlyer,AppsFlyer,2022-11-25,false,,,1,AppsFlyer 2022-11-25,false,,,false,2022-11-25,2026-11-25,72,true,001JEO0JTFNE4LCAAO,Rivet Applications,domain,0,,Customer,Priya Okonkwo,APAC,2026-03-09,556000,true,556000,customer_without_singular_sdk,,,,
2026-09-14,APP-1641,Rivet Pulse,pulse.rivetapplications.com,Entertainment,PUB-0263,Rivet Applications,rivetapplications.com,"Android, iOS",64634,20778,65938.72,23178,7451,23645.90,41456,13327,42292.82,AppsFlyer,AppsFlyer,2022-12-05,false,,,1,AppsFlyer 2022-12-05,false,,,false,2022-11-25,2026-11-25,72,true,001JEO0JTFNE4LCAAO,Rivet Applications,domain,0,,Customer,Priya Okonkwo,APAC,2026-03-09,,false,556000,customer_without_singular_sdk,,,,
2026-09-14,APP-1642,Iris Table,table.irissolutions.co,Health & Fitness,PUB-0264,Iris Solutions,irissolutions.co,"Android, iOS",124785,38065,101390.41,55093,16806,44764.66,69692,21259,56625.75,Singular,Singular,2022-09-11,true,,,1,Singular 2022-09-11,false,,,false,2022-09-11,2027-09-11,362,false,001C88DCF82NIWUAAO,Iris Solutions,domain,0,,Churned,Priya Okonkwo,APAC,2026-05-30,0,true,0,churned_on_singular_sdk,,,,
2026-09-14,APP-1643,Onyx Stay,stay.onyxunion.co,Travel,PUB-0265,Onyx Union,onyxunion.co,"Android, iOS",460576,137100,654509.65,195331,58144,277579.10,265245,78956,376930.55,AppsFlyer,AppsFlyer,2023-05-16,false,,,1,AppsFlyer 2023-05-16,false,,,false,2023-05-16,2027-05-16,244,false,,,unmatched,0,,,,,,,true,,,,,,
2026-09-14,APP-1644,Onyx Sleep,sleep.onyxunion.co,Health & Fitness,PUB-0265,Onyx Union,onyxunion.co,"Android, iOS",14127,5385,52857.63,6682,2547,24999.84,7445,2838,27857.79,AppsFlyer,Branch,2026-06-29,false,AppsFlyer,2023-04-24,2,AppsFlyer 2023-04-24 → Branch 2026-06-29,true,2026-06-29,77,true,2026-06-29,2027-06-29,288,false,,,unmatched,0,,,,,,,false,,,,,,
2026-09-14,APP-1645,Obsidian Pro,pro.obsidiansoftware.ai,Food & Drink,PUB-0266,Obsidian Software,obsidiansoftware.ai,"Android, iOS",1391117,469295,3598605.01,617439,208294,1597220.39,773678,261001,2001384.62,AppsFlyer,AppsFlyer,2025-07-01,false,Adjust,2025-06-24,2,Adjust 2025-06-24 → AppsFlyer 2025-07-01,true,2025-07-01,440,false,2025-07-01,2027-07-01,290,false,001NGH3NVC947F6AAO,Obsidian Software,domain,0,,Partner,,APAC,2026-09-02,0,true,0,,,,,
2026-09-14,APP-1646,Obsidian Cam,cam.obsidiansoftware.ai,Music,PUB-0266,Obsidian Software,obsidiansoftware.ai,"Android, iOS",83292,28125,346737.32,34700,11717,144451.50,48592,16408,202285.82,AppsFlyer,Adjust,2025-06-28,false,,,1,Adjust 2025-06-28,false,,,false,2025-06-28,2027-06-28,287,false,001NGH3NVC947F6AAO,Obsidian Software,domain,0,,Partner,,APAC,2026-09-02,,false,0,,,,,
2026-09-14,APP-1647,Thistle Pro,pro.thistlefoundry.com,Lifestyle,PUB-0267,Thistle Foundry,thistlefoundry.com,"Android, iOS",208768,69185,883287.65,82093,27205,347332.88,126675,41980,535954.77,Kochava,Kochava,2022-01-18,false,,,1,Kochava 2022-01-18,false,,,false,2022-01-18,2027-01-18,126,false,001S6T8CMELCY4UAAO,Thistle Foundry,domain,0,,Customer,Priya Okonkwo,APAC,2026-03-10,,false,684000,customer_without_singular_sdk,,,,
2026-09-14,APP-1648,Thistle Parking,parking.thistlefoundry.com,Travel,PUB-0267,Thistle Foundry,thistlefoundry.com,iOS,2481621,764523,5984075.70,2481621,764523,5984075.70,,,,Kochava,Kochava,2022-01-23,false,,,1,Kochava 2022-01-23,false,,,false,2022-01-18,2027-01-18,126,false,001S6T8CMELCY4UAAO,Thistle Foundry,domain,0,,Customer,Priya Okonkwo,APAC,2026-03-10,684000,true,684000,customer_without_singular_sdk,,,,
2026-09-14,APP-1649,Thistle Now,now.thistlefoundry.com,Education,PUB-0267,Thistle Foundry,thistlefoundry.com,"Android, iOS",190325,64813,793018.09,83830,28547,349292.45,106495,36266,443725.64,Kochava,Kochava,2022-02-18,false,,,1,Kochava 2022-02-18,false,,,false,2022-01-18,2027-01-18,126,false,001S6T8CMELCY4UAAO,Thistle Foundry,domain,0,,Customer,Priya Okonkwo,APAC,2026-03-10,,false,684000,customer_without_singular_sdk,,,,
2026-09-14,APP-1650,Ridge Shop,shop.ridgeunion.com,Sports,PUB-0268,Ridge Union,ridgeunion.com,"Android, iOS",244407,79262,302528.81,101914,33051,126150.28,142493,46211,176378.53,Adjust,Adjust,2022-07-24,false,,,1,Adjust 2022-07-24,false,,,false,2022-07-24,2027-07-24,313,false,,,unmatched,0,,,,,,,false,,,,,,
2026-09-14,APP-1651,Ridge Style,style.ridgeunion.com,News,PUB-0268,Ridge Union,ridgeunion.com,"Android, iOS",32998,10453,89430.00,14151,4483,38352.16,18847,5970,51077.84,Adjust,Adjust,2022-07-27,false,,,1,Adjust 2022-07-27,false,,,false,2022-07-24,2027-07-24,313,false,,,unmatched,0,,,,,,,false,,,,,,
2026-09-14,APP-1652,Ridge Transit,transit.ridgeunion.com,Lifestyle,PUB-0268,Ridge Union,ridgeunion.com,"Android, iOS",6414656,1983069,4598046.34,2437298,753482,1747063.06,3977358,1229587,2850983.28,Adjust,Adjust,2022-08-03,false,,,1,Adjust 2022-08-03,false,,,false,2022-07-24,2027-07-24,313,false,,,unmatched,0,,,,,,,true,,,,,,
2026-09-14,APP-1653,Ridge Eats,eats.ridgeunion.com,Weather,PUB-0268,Ridge Union,ridgeunion.com,"Android, iOS",214893,66185,790267.61,77095,23745,283517.97,137798,42440,506749.64,Adjust,Adjust,2022-08-13,false,,,1,Adjust 2022-08-13,false,,,false,2022-07-24,2027-07-24,313,false,,,unmatched,0,,,,,,,false,,,,,,
2026-09-14,APP-1654,Ridge Tracker,tracker.ridgeunion.com,Utilities,PUB-0268,Ridge Union,ridgeunion.com,"Android, iOS",1565423,550839,1656598.77,698638,245836,739329.38,866785,305003,917269.39,Adjust,Adjust,2022-07-29,false,,,1,Adjust 2022-07-29,false,,,false,2022-07-24,2027-07-24,313,false,,,unmatched,0,,,,,,,false,,,,,,
2026-09-14,APP-1655,Obsidian Arena,arena.obsidianplay.games,Entertainment,PUB-0269,Obsidian Play,obsidianplay.games,"Android, iOS",108473,44043,328961.17,41295,16767,125234.12,67178,27276,203727.05,Adjust,Adjust,2024-06-03,false,,,1,Adjust 2024-06-03,false,,,false,2024-06-03,2027-06-03,262,false,,,unmatched,0,,,,,,,true,,,,,,
2026-09-14,APP-1656,Opal Mind,mind.opaldigital.com,Food & Drink,PUB-0270,Opal Digital,opaldigital.com,"Android, iOS",250241,70778,858515.15,109638,31010,376140.83,140603,39768,482374.32,AppsFlyer,Adjust,2026-04-20,false,AppsFlyer,2024-09-19,2,AppsFlyer 2024-09-19 → Adjust 2026-04-20,true,2026-04-20,147,false,2026-04-20,2027-04-20,218,false,001CS64B9T02JTYAAO,Opal Digital,domain,0,,Prospect,Camila Haddad,EMEA,2026-05-17,0,true,0,,,,,
2026-09-14,APP-1657,Opal Daily,daily.opaldigital.com,Music,PUB-0270,Opal Digital,opaldigital.com,"Android, iOS",77174,36224,84290.07,36760,17255,40149.84,40414,18969,44140.23,AppsFlyer,AppsFlyer,2024-09-16,false,,,1,AppsFlyer 2024-09-16,false,,,false,2024-09-04,2027-09-04,355,false,001CS64B9T02JTYAAO,Opal Digital,domain,0,,Prospect,Camila Haddad,EMEA,2026-05-17,,false,0,,,,,
2026-09-14,APP-1658,Opal Maps,maps.opaldigital.com,News,PUB-0270,Opal Digital,opaldigital.com,"Android, iOS",291531,103322,209797.10,111000,39340,79879.87,180531,63982,129917.23,AppsFlyer,AppsFlyer,2024-09-04,false,,,1,AppsFlyer 2024-09-04,false,,,false,2024-09-04,2027-09-04,355,false,001CS64B9T02JTYAAO,Opal Digital,domain,0,,Prospect,Camila Haddad,EMEA,2026-05-17,,false,0,,,,,
2026-09-14,APP-1659,Iris Pay,pay.iristechnologies.games,Travel,PUB-0271,Iris Technologies,iristechnologies.games,"Android, iOS",162134,61030,496512.98,58996,22207,180666.65,103138,38823,315846.33,AppsFlyer,AppsFlyer,2021-04-25,false,,,1,AppsFlyer 2021-04-25,false,,,false,2021-03-29,2027-03-29,196,false,001F9VWIAYAWAGEAAO,Iris Technologies,domain,0,,Customer,Viktor Costa,EMEA,2025-09-19,,false,59000,customer_without_singular_sdk,,,,
2026-09-14,APP-1660,Iris Saga,saga.iristechnologies.games,Shopping,PUB-0271,Iris Technologies,iristechnologies.games,"Android, iOS",2840419,1342606,3109599.31,1033828,488668,1131801.26,1806591,853938,1977798.05,AppsFlyer,AppsFlyer,2021-03-29,false,,,1,AppsFlyer 2021-03-29,false,,,false,2021-03-29,2027-03-29,196,false,001F9VWIAYAWAGEAAO,Iris Technologies,domain,0,,Customer,Viktor Costa,EMEA,2025-09-19,,false,59000,customer_without_singular_sdk,,,,
2026-09-14,APP-1661,Iris Stay,stay.iristechnologies.games,Business,PUB-0271,Iris Technologies,iristechnologies.games,"Android, iOS",254167,118131,635804.60,109991,51121,275145.86,144176,67010,360658.74,AppsFlyer,AppsFlyer,2021-04-29,false,,,1,AppsFlyer 2021-04-29,false,,,false,2021-03-29,2027-03-29,196,false,001F9VWIAYAWAGEAAO,Iris Technologies,domain,0,,Customer,Viktor Costa,EMEA,2025-09-19,,false,59000,customer_without_singular_sdk,,,,
2026-09-14,APP-1662,Iris Scan,scan.iristechnologies.games,Travel,PUB-0271,Iris Technologies,iristechnologies.games,Android,167778,73877,171125.92,,,,167778,73877,171125.92,AppsFlyer,AppsFlyer,2021-04-09,false,,,1,AppsFlyer 2021-04-09,false,,,false,2021-03-29,2027-03-29,196,false,001F9VWIAYAWAGEAAO,Iris Technologies,domain,0,,Customer,Viktor Costa,EMEA,2025-09-19,,false,59000,customer_without_singular_sdk,,,,
2026-09-14,APP-1663,Iris Calm,calm.iristechnologies.games,Food & Drink,PUB-0271,Iris Technologies,iristechnologies.games,"Android, iOS",1338788,519920,4571379.49,564142,219085,1926301.76,774646,300835,2645077.73,AppsFlyer,Adjust,2026-01-19,false,AppsFlyer,2021-04-03,2,AppsFlyer 2021-04-03 → Adjust 2026-01-19,true,2026-01-19,238,false,2026-01-19,2027-01-19,127,false,001F9VWIAYAWAGEAAO,Iris Technologies,domain,0,,Customer,Viktor Costa,EMEA,2025-09-19,59000,true,59000,customer_without_singular_sdk,,,,
2026-09-14,APP-1664,Iris Radio,radio.iristechnologies.games,Photo & Video,PUB-0271,Iris Technologies,iristechnologies.games,"Android, iOS",66091,25959,288543.10,32306,12689,141043.61,33785,13270,147499.49,AppsFlyer,AppsFlyer,2021-04-07,false,,,1,AppsFlyer 2021-04-07,false,,,false,2021-03-29,2027-03-29,196,false,001F9VWIAYAWAGEAAO,Iris Technologies,domain,0,,Customer,Viktor Costa,EMEA,2025-09-19,,false,59000,customer_without_singular_sdk,,,,
2026-09-14,APP-1665,Jasper Wallet,wallet.jaspermedia.com,Photo & Video,PUB-0272,Jasper Media,jaspermedia.com,"Android, iOS",901356,400733,768580.63,373623,166109,318586.09,527733,234624,449994.54,Branch,Branch,2024-10-13,false,,,1,Branch 2024-10-13,false,,,false,2024-10-13,2026-10-13,29,true,001ZOYR3WVCLQ3LAAO,Jasper Media,domain,0,,Partner,Priya Okonkwo,APAC,2025-08-27,0,true,0,,,,,
2026-09-14,APP-1666,Jasper Go,go.jaspermedia.com,Productivity,PUB-0272,Jasper Media,jaspermedia.com,Android,289198,123916,723178.97,,,,289198,123916,723178.97,Branch,Branch,2024-10-18,false,,,1,Branch 2024-10-18,false,,,false,2024-10-13,2026-10-13,29,true,001ZOYR3WVCLQ3LAAO,Jasper Media,domain,0,,Partner,Priya Okonkwo,APAC,2025-08-27,,false,0,,,,,
2026-09-14,APP-1667,Ferrous Quest,quest.ferrousguild.com,Music,PUB-0273,Ferrous Guild,ferrousguild.com,"Android, iOS",2924781,1131964,6703780.99,1240786,480215,2843958.30,1683995,651749,3859822.69,AppsFlyer,AppsFlyer,2022-07-28,false,,,1,AppsFlyer 2022-07-28,false,,,false,2022-07-28,2027-07-28,317,false,001Y1VRQ8Q52GVTAAO,Ferrous Guild,domain,0,,Prospect,Priya Okonkwo,APAC,2026-03-06,0,true,0,,,,,
2026-09-14,APP-1668,Vesper Care,care.vesperunion.co,Finance,PUB-0274,Vesper Union,vesperunion.co,"Android, iOS",2907440,937499,3349677.64,1442807,465231,1662265.63,1464633,472268,1687412.01,Singular,Singular,2025-02-12,true,,,1,Singular 2025-02-12,false,,,false,2025-02-12,2027-02-12,151,false,001EFNOHVZMX80LAAO,Vesper Union,domain,0,,Prospect,Tobias Diallo,US,2026-02-18,0,true,0,prospect_on_singular_sdk,,,,
2026-09-14,APP-1669,Fathom Studio,studio.fathomcollective.games,News,PUB-0275,Fathom Collective,fathomcollective.games,"Android, iOS",1060574,399277,2733656.56,515583,194103,1328927.46,544991,205174,1404729.10,AppsFlyer,Branch,2026-07-21,false,AppsFlyer,2022-03-18,2,AppsFlyer 2022-03-18 → Branch 2026-07-21,true,2026-07-21,55,true,2026-07-21,2027-07-21,310,false,001R9H88452L0AGAAO,Fathom Collective,domain,0,,Customer,Rin Villalobos,US,2026-08-07,,false,164000,customer_without_singular_sdk,,,,
2026-09-14,APP-1670,Fathom Invest,invest.fathomcollective.games,Social,PUB-0275,Fathom Collective,fathomcollective.games,"Android, iOS",1975111,792771,8527889.56,784617,314930,3387723.90,1190494,477841,5140165.66,AppsFlyer,AppsFlyer,2022-03-04,false,,,1,AppsFlyer 2022-03-04,false,,,false,2022-03-04,2027-03-04,171,false,001R9H88452L0AGAAO,Fathom Collective,domain,0,,Customer,Rin Villalobos,US,2026-08-07,164000,true,164000,customer_without_singular_sdk,,,,
2026-09-14,APP-1671,Kindle Maps,maps.kindlepartners.com,Finance,PUB-0276,Kindle Partners,kindlepartners.com,"Android, iOS",169945,52272,555671.31,79172,24352,258870.28,90773,27920,296801.03,Adjust,Singular,2025-02-28,true,,,1,Singular 2025-02-28,false,,,false,2025-02-28,2027-02-28,167,false,001DEEV69QXDWR4AAO,Kindle Partners,domain,0,,Prospect,Zara Takahashi,APAC,2026-07-15,,false,0,prospect_on_singular_sdk,,,,
2026-09-14,APP-1672,Kindle Studio,studio.kindlepartners.com,Education,PUB-0276,Kindle Partners,kindlepartners.com,"Android, iOS",273033,89777,975962.93,114457,37635,409129.18,158576,52142,566833.75,Adjust,Adjust,2026-08-29,false,Singular,2025-03-02,2,Singular 2025-03-02 → Adjust 2026-08-29,true,2026-08-29,16,true,2026-08-29,2027-08-29,349,false,001DEEV69QXDWR4AAO,Kindle Partners,domain,0,,Prospect,Zara Takahashi,APAC,2026-07-15,0,true,0,prospect_on_singular_sdk,,,,
2026-09-14,APP-1673,Xenon Puzzle,puzzle.xenonventures.net,News,PUB-0277,Xenon Ventures,xenonventures.net,"Android, iOS",227918,73568,509133.84,81084,26172,181129.43,146834,47396,328004.41,AppsFlyer,AppsFlyer,2023-12-22,false,,,1,AppsFlyer 2023-12-22,false,,,false,2023-12-22,2026-12-22,99,false,001BD7FNDN1LLQRAAO,Xenon Ventures,domain,0,,Customer,Dara Nandakumar,LATAM,2025-12-09,87000,true,87000,customer_without_singular_sdk,,,,
2026-09-14,APP-1674,Ferrous Market,market.ferrousnetworks.co,Sports,PUB-0278,Ferrous Networks,ferrousnetworks.co,"Android, iOS",10420859,3445599,25110708.90,4291867,1419082,10341933.43,6128992,2026517,14768775.47,Branch,Branch,2025-04-05,false,,,1,Branch 2025-04-05,false,,,false,2025-04-05,2027-04-05,203,false,001XS7M1U84EYIGAAO,Ferrous Networks,name,0,,Prospect,Zara Takahashi,APAC,2025-12-01,0,true,0,,,,,
2026-09-14,APP-1675,Mosaic Dating,dating.mosaiclabs.com,Health & Fitness,PUB-0279,Mosaic Labs,mosaiclabs.com,"Android, iOS",2627954,977281,5359813.46,1287247,478700,2625389.22,1340707,498581,2734424.24,AppsFlyer,AppsFlyer,2021-04-06,false,,,1,AppsFlyer 2021-04-06,false,,,false,2021-04-03,2027-04-03,201,false,,,unmatched,0,,,,,,,true,,,,,,
2026-09-14,APP-1676,Mosaic Deck,deck.mosaiclabs.com,Lifestyle,PUB-0279,Mosaic Labs,mosaiclabs.com,"Android, iOS",285031,123136,633719.79,113079,48851,251413.09,171952,74285,382306.70,AppsFlyer,AppsFlyer,2021-04-03,false,,,1,AppsFlyer 2021-04-03,false,,,false,2021-04-03,2027-04-03,201,false,,,unmatched,0,,,,,,,false,,,,,,
2026-09-14,APP-1677,Aurora Parking,parking.auroralabs.com,Finance,PUB-0280,Aurora Labs,auroralabs.com,"Android, iOS",1288540,470454,2691489.28,632832,231051,1321853.07,655708,239403,1369636.21,Kochava,Kochava,2022-10-11,false,,,1,Kochava 2022-10-11,false,,,false,2022-09-24,2026-09-24,10,true,001Q3ARDNQ0ZX6YAAO,Aurora Labs,domain,0,,Prospect,Tobias Diallo,US,2026-01-29,0,true,0,,,,,
2026-09-14,APP-1678,Aurora Weather,weather.auroralabs.com,Travel,PUB-0280,Aurora Labs,auroralabs.com,"Android, iOS",611583,274359,1885724.61,285672,128154,880828.39,325911,146205,1004896.22,Kochava,Kochava,2022-09-24,false,,,1,Kochava 2022-09-24,false,,,false,2022-09-24,2026-09-24,10,true,001Q3ARDNQ0ZX6YAAO,Aurora Labs,domain,0,,Prospect,Tobias Diallo,US,2026-01-29,,false,0,,,,,
2026-09-14,APP-1679,Nova Deck,deck.novaunion.co,Games,PUB-0281,Nova Union,novaunion.co,"Android, iOS",224054,77409,971349.95,82332,28445,356937.40,141722,48964,614412.55,Branch,Branch,2021-07-07,false,,,1,Branch 2021-07-07,false,,,false,2021-06-11,2027-06-11,270,false,0012V6KGA03KD8BAAO,Nova Union,domain,0,,Prospect,Anders Costa,EMEA,2026-08-29,0,true,0,,,,,
2026-09-14,APP-1680,Nova Radio,radio.novaunion.co,Health & Fitness,PUB-0281,Nova Union,novaunion.co,iOS,183492,55058,207496.96,183492,55058,207496.96,,,,Branch,Branch,2021-06-11,false,,,1,Branch 2021-06-11,false,,,false,2021-06-11,2027-06-11,270,false,0012V6KGA03KD8BAAO,Nova Union,domain,0,,Prospect,Anders Costa,EMEA,2026-08-29,,false,0,,,,,
2026-09-14,APP-1681,Marble Scan,scan.marblesystems.com,Social,PUB-0282,Marble Systems,marblesystems.com,"Android, iOS",338756,140723,829493.91,145333,60373,355870.20,193423,80350,473623.71,Singular,Singular,2022-04-08,true,,,1,Singular 2022-04-08,false,,,false,2022-04-08,2027-04-08,206,false,001EU5MAF47GMI6AAO,Marble Systems,domain,0,,Prospect,Tobias Diallo,US,2026-08-23,,false,0,prospect_on_singular_sdk,,,,
2026-09-14,APP-1682,Marble Rush,rush.marblesystems.com,Travel,PUB-0282,Marble Systems,marblesystems.com,"Android, iOS",180182,52651,695480.62,71040,20758,274204.69,109142,31893,421275.93,Singular,Tenjin,2026-03-03,false,Singular,2022-05-03,2,Singular 2022-05-03 → Tenjin 2026-03-03,true,2026-03-03,195,false,2026-03-03,2027-03-03,170,false,001EU5MAF47GMI6AAO,Marble Systems,domain,0,,Prospect,Tobias Diallo,US,2026-08-23,,false,0,prospect_on_singular_sdk,,,,
2026-09-14,APP-1683,Marble Meet,meet.marblesystems.com,Business,PUB-0282,Marble Systems,marblesystems.com,Android,2670589,908405,7078971.48,,,,2670589,908405,7078971.48,Singular,Singular,2022-04-13,true,,,1,Singular 2022-04-13,false,,,false,2022-04-08,2027-04-08,206,false,001EU5MAF47GMI6AAO,Marble Systems,domain,0,,Prospect,Tobias Diallo,US,2026-08-23,0,true,0,prospect_on_singular_sdk,,,,
2026-09-14,APP-1684,Marble Parking,parking.marblesystems.com,Health & Fitness,PUB-0282,Marble Systems,marblesystems.com,"Android, iOS",3898023,1446820,6395044.87,1440768,534766,2363704.56,2457255,912054,4031340.31,Singular,Singular,2022-04-24,true,,,1,Singular 2022-04-24,false,,,false,2022-04-08,2027-04-08,206,false,001EU5MAF47GMI6AAO,Marble Systems,domain,0,,Prospect,Tobias Diallo,US,2026-08-23,,false,0,prospect_on_singular_sdk,,,,
2026-09-14,APP-1685,Gossamer Calm,calm.gossamerunion.io,Social,PUB-0283,Gossamer Union,gossamerunion.io,"Android, iOS",222959,83735,828786.19,78934,29645,293416.78,144025,54090,535369.41,Branch,Branch,2025-11-26,false,AppsFlyer,2025-01-18,2,AppsFlyer 2025-01-18 → Branch 2025-11-26,true,2025-11-26,292,false,2025-11-26,2026-11-26,73,true,,,unmatched,0,,,,,,,true,,,,,,
2026-09-14,APP-1686,Gossamer Clip,clip.gossamerunion.io,Productivity,PUB-0283,Gossamer Union,gossamerunion.io,"Android, iOS",157701,75245,621698.69,77021,36750,303637.88,80680,38495,318060.81,Branch,AppsFlyer,2024-12-31,false,,,1,AppsFlyer 2024-12-31,false,,,false,2024-12-31,2026-12-31,108,false,,,unmatched,0,,,,,,,false,,,,,,
2026-09-14,APP-1687,Kiln Cart,cart.kilnapps.com,Photo & Video,PUB-0284,Kiln Apps,kilnapps.com,"Android, iOS",2589509,1239779,3041535.76,1209044,578854,1420095.14,1380465,660925,1621440.62,Tenjin,Tenjin,2023-02-15,false,Airbridge,2023-01-28,2,Airbridge 2023-01-28 → Tenjin 2023-02-15,true,2023-02-15,1307,false,2023-01-30,2027-01-30,138,false,001OCBM4VALU1TOAAO,Kiln Apps,domain,0,,Prospect,,APAC,2026-03-13,0,true,0,,,,,
2026-09-14,APP-1688,Kiln Credit,credit.kilnapps.com,Shopping,PUB-0284,Kiln Apps,kilnapps.com,"Android, iOS",282966,92751,900313.69,115043,37709,366031.67,167923,55042,534282.02,Tenjin,Tenjin,2023-01-30,false,,,1,Tenjin 2023-01-30,false,,,false,2023-01-30,2027-01-30,138,false,001OCBM4VALU1TOAAO,Kiln Apps,domain,0,,Prospect,,APAC,2026-03-13,,false,0,,,,,
2026-09-14,APP-1689,Kiln Scan,scan.kilnapps.com,Sports,PUB-0284,Kiln Apps,kilnapps.com,"Android, iOS",2335070,856225,1426120.10,890515,326535,543873.25,1444555,529690,882246.85,Tenjin,Tenjin,2023-02-26,false,,,1,Tenjin 2023-02-26,false,,,false,2023-01-30,2027-01-30,138,false,001OCBM4VALU1TOAAO,Kiln Apps,domain,0,,Prospect,,APAC,2026-03-13,,false,0,,,,,
2026-09-14,APP-1690,Yonder Invest,invest.yonderindustries.io,Utilities,PUB-0285,Yonder Industries,yonderindustries.io,"Android, iOS",167373,78362,334085.55,60279,28222,120321.02,107094,50140,213764.53,AppsFlyer,AppsFlyer,2024-02-07,false,,,1,AppsFlyer 2024-02-07,false,,,false,2024-01-28,2027-01-28,136,false,0015YCZG48M6HKCAAO,Yonder Industries,domain,0,,Customer,Dara Nandakumar,LATAM,2026-02-12,,false,145000,customer_without_singular_sdk,,,,
2026-09-14,APP-1691,Yonder Style,style.yonderindustries.io,Utilities,PUB-0285,Yonder Industries,yonderindustries.io,"Android, iOS",1268495,464010,3437131.02,588374,215225,1594267.35,680121,248785,1842863.67,AppsFlyer,AppsFlyer,2024-02-06,false,,,1,AppsFlyer 2024-02-06,false,,,false,2024-01-28,2027-01-28,136,false,0015YCZG48M6HKCAAO,Yonder Industries,domain,0,,Customer,Dara Nandakumar,LATAM,2026-02-12,,false,145000,customer_without_singular_sdk,,,,
2026-09-14,APP-1692,Yonder Chef,chef.yonderindustries.io,Weather,PUB-0285,Yonder Industries,yonderindustries.io,"Android, iOS",2652087,822516,9274799.41,1195025,370624,4179205.60,1457062,451892,5095593.81,AppsFlyer,AppsFlyer,2024-03-08,false,,,1,AppsFlyer 2024-03-08,false,,,false,2024-01-28,2027-01-28,136,false,0015YCZG48M6HKCAAO,Yonder Industries,domain,0,,Customer,Dara Nandakumar,LATAM,2026-02-12,145000,true,145000,customer_without_singular_sdk,,,,
2026-09-14,APP-1693,Yonder Cards,cards.yonderindustries.io,Weather,PUB-0285,Yonder Industries,yonderindustries.io,"Android, iOS",267621,75638,1115104.27,131908,37281,549624.39,135713,38357,565479.88,AppsFlyer,AppsFlyer,2024-02-11,false,,,1,AppsFlyer 2024-02-11,false,,,false,2024-01-28,2027-01-28,136,false,0015YCZG48M6HKCAAO,Yonder Industries,domain,0,,Customer,Dara Nandakumar,LATAM,2026-02-12,,false,145000,customer_without_singular_sdk,,,,
2026-09-14,APP-1694,Yonder Rush,rush.yonderindustries.io,News,PUB-0285,Yonder Industries,yonderindustries.io,"Android, iOS",289349,99396,725481.97,138218,47480,346552.98,151131,51916,378928.99,AppsFlyer,AppsFlyer,2024-01-28,false,,,1,AppsFlyer 2024-01-28,false,,,false,2024-01-28,2027-01-28,136,false,0015YCZG48M6HKCAAO,Yonder Industries,domain,0,,Customer,Dara Nandakumar,LATAM,2026-02-12,,false,145000,customer_without_singular_sdk,,,,
2026-09-14,APP-1695,Vesper Table,table.vesperatelier.com,Finance,PUB-0286,Vesper Atelier,vesperatelier.com,"Android, iOS",57076,16116,193288.10,24601,6946,83311.19,32475,9170,109976.91,Adjust,AppsFlyer,2025-01-18,false,,,1,AppsFlyer 2025-01-18,false,,,false,2025-01-18,2027-01-18,126,false,,,unmatched,0,,,,,,,false,,,,,,
2026-09-14,APP-1696,Vesper Keys,keys.vesperatelier.com,Utilities,PUB-0286,Vesper Atelier,vesperatelier.com,"Android, iOS",1039596,453863,4530377.58,378711,165336,1650358.57,660885,288527,2880019.01,Adjust,Adjust,2025-10-13,false,AppsFlyer,2025-01-12,2,AppsFlyer 2025-01-12 → Adjust 2025-10-13,true,2025-10-13,336,false,2025-10-13,2026-10-13,29,true,,,unmatched,0,,,,,,,true,,,,,,
2026-09-14,APP-1697,Ivory Plus,plus.ivoryfoundry.com,Health & Fitness,PUB-0287,Ivory Foundry,ivoryfoundry.com,Android,264251,111083,166761.74,,,,264251,111083,166761.74,Adjust,Adjust,2024-06-29,false,,,1,Adjust 2024-06-29,false,,,false,2024-06-29,2027-06-29,288,false,,,unmatched,0,,,,,,,true,,,,,,
2026-09-14,APP-1698,Harbor Lite,lite.harborunion.co,Games,PUB-0288,Harbor Union,harborunion.co,"Android, iOS",2477807,741985,8096099.78,920292,275583,3007003.69,1557515,466402,5089096.09,AppsFlyer,AppsFlyer,2024-07-21,false,,,1,AppsFlyer 2024-07-21,false,,,false,2024-07-04,2027-07-04,293,false,001FA505LFP75ZUAAO,Harbor Union,domain,0,,Customer,Dara Nandakumar,LATAM,2025-09-25,,false,35000,customer_without_singular_sdk,,,,
2026-09-14,APP-1699,Harbor Deck,deck.harborunion.co,News,PUB-0288,Harbor Union,harborunion.co,"Android, iOS",3805479,1707595,12492900.09,1390281,623847,4564113.39,2415198,1083748,7928786.70,AppsFlyer,AppsFlyer,2024-07-15,false,,,1,AppsFlyer 2024-07-15,false,,,false,2024-07-04,2027-07-04,293,false,001FA505LFP75ZUAAO,Harbor Union,domain,0,,Customer,Dara Nandakumar,LATAM,2025-09-25,35000,true,35000,customer_without_singular_sdk,,,,
2026-09-14,APP-1700,Harbor Stay,stay.harborunion.co,Education,PUB-0288,Harbor Union,harborunion.co,"Android, iOS",18063,6953,65385.67,7303,2811,26434.93,10760,4142,38950.74,AppsFlyer,AppsFlyer,2024-07-04,false,,,1,AppsFlyer 2024-07-04,false,,,false,2024-07-04,2027-07-04,293,false,001FA505LFP75ZUAAO,Harbor Union,domain,0,,Customer,Dara Nandakumar,LATAM,2025-09-25,,false,35000,customer_without_singular_sdk,,,,
2026-09-14,APP-1701,Yonder Daily,daily.yonderfoundry.com,Photo & Video,PUB-0289,Yonder Foundry,yonderfoundry.com,"Android, iOS",9845,3107,21485.28,4415,1393,9635.86,5430,1714,11849.42,AppsFlyer,Kochava,2026-02-04,false,AppsFlyer,2023-10-16,2,AppsFlyer 2023-10-16 → Kochava 2026-02-04,true,2026-02-04,222,false,2026-02-04,2027-02-04,143,false,001N51K08T7IRY4AAO,Yonder Foundry,domain,0,,Prospect,Priya Okonkwo,APAC,2026-06-12,,false,0,,,,,
2026-09-14,APP-1702,Yonder Radio,radio.yonderfoundry.com,Business,PUB-0289,Yonder Foundry,yonderfoundry.com,"Android, iOS",506352,206516,1804786.01,249325,101687,888666.87,257027,104829,916119.14,AppsFlyer,AppsFlyer,2023-10-27,false,,,1,AppsFlyer 2023-10-27,false,,,false,2023-10-27,2026-10-27,43,true,001N51K08T7IRY4AAO,Yonder Foundry,domain,0,,Prospect,Priya Okonkwo,APAC,2026-06-12,0,true,0,,,,,
2026-09-14,APP-1703,Gossamer Radio,radio.gossameratelier.com,Games,PUB-0290,Gossamer Atelier,gossameratelier.com,"Android, iOS",10314803,4853791,12827452.46,3695293,1738877,4595453.09,6619510,3114914,8231999.37,AppsFlyer,AppsFlyer,2022-05-05,false,,,1,AppsFlyer 2022-05-05,false,,,false,2022-05-05,2027-05-05,233,false,001ES8YMQC4WX8PAAO,Gossamer Atelier,domain,0,,Prospect,Tobias Diallo,US,2026-08-02,0,true,0,,,,,
2026-09-14,APP-1704,Cedar Parking,parking.cedarpartners.com,Entertainment,PUB-0291,Cedar Partners,cedarpartners.com,"Android, iOS",1303224,375036,898482.51,594611,171115,409943.13,708613,203921,488539.38,AppsFlyer,AppsFlyer,2024-06-08,false,,,1,AppsFlyer 2024-06-08,false,,,false,2024-06-08,2027-06-08,267,false,001BP8X2VOU6XHBAAO,Cedar Partners,domain,0,,Prospect,Zara Takahashi,APAC,2026-04-02,0,true,0,,,,,
2026-09-14,APP-1705,Nova Stream,stream.novamedia.com,Travel,PUB-0292,Nova Media,novamedia.com,"Android, iOS",11842605,5062951,15321605.67,4776836,2042193,6180126.35,7065769,3020758,9141479.32,Singular,Singular,2024-06-28,true,,,1,Singular 2024-06-28,false,,,false,2024-05-18,2027-05-18,246,false,001OIQH8BWKWJ5VAAO,Nova Media,domain,0,,Prospect,Anders Costa,EMEA,2026-06-23,0,true,0,prospect_on_singular_sdk,,,,
2026-09-14,APP-1706,Nova Credit,credit.novamedia.com,Shopping,PUB-0292,Nova Media,novamedia.com,"Android, iOS",243191,85610,301721.80,100812,35489,125075.84,142379,50121,176645.96,Singular,Singular,2024-06-12,true,,,1,Singular 2024-06-12,false,,,false,2024-05-18,2027-05-18,246,false,001OIQH8BWKWJ5VAAO,Nova Media,domain,0,,Prospect,Anders Costa,EMEA,2026-06-23,,false,0,prospect_on_singular_sdk,,,,
2026-09-14,APP-1707,Nova Transit,transit.novamedia.com,Lifestyle,PUB-0292,Nova Media,novamedia.com,"Android, iOS",130625,57924,467561.46,59898,26561,214400.69,70727,31363,253160.77,Singular,Singular,2024-06-03,true,,,1,Singular 2024-06-03,false,,,false,2024-05-18,2027-05-18,246,false,001OIQH8BWKWJ5VAAO,Nova Media,domain,0,,Prospect,Anders Costa,EMEA,2026-06-23,,false,0,prospect_on_singular_sdk,,,,
2026-09-14,APP-1708,Nova Fit,fit.novamedia.com,Education,PUB-0292,Nova Media,novamedia.com,"Android, iOS",22020,6409,35573.04,10280,2992,16607.67,11740,3417,18965.37,Singular,Singular,2024-05-18,true,,,1,Singular 2024-05-18,false,,,false,2024-05-18,2027-05-18,246,false,001OIQH8BWKWJ5VAAO,Nova Media,domain,0,,Prospect,Anders Costa,EMEA,2026-06-23,,false,0,prospect_on_singular_sdk,,,,
2026-09-14,APP-1709,Jubilee Cam,cam.jubileeindustries.io,Entertainment,PUB-0293,Jubilee Industries,jubileeindustries.io,"Android, iOS",2356801,678638,3688442.37,1073934,309238,1680729.29,1282867,369400,2007713.08,AppsFlyer,AppsFlyer,2023-12-28,false,,,1,AppsFlyer 2023-12-28,false,,,false,2023-12-28,2026-12-28,105,false,00154005VJLJLHXAAO,Jubilee Industries,domain,0,,Prospect,Tobias Diallo,US,2026-06-19,0,true,0,,,,,
2026-09-14,APP-1710,Fable Notes,notes.fablesoftware.games,Food & Drink,PUB-0294,Fable Software,fablesoftware.games,"Android, iOS",7793,2411,25158.07,3022,935,9755.41,4771,1476,15402.66,Branch,Branch,2023-12-17,false,,,1,Branch 2023-12-17,false,,,false,2023-12-17,2026-12-17,94,false,00117N1KQ9JWVRUAAO,Fable Software,domain,0,,Prospect,Camila Haddad,EMEA,2025-11-17,,false,0,,,,,
2026-09-14,APP-1711,Fable Tap,tap.fablesoftware.games,Finance,PUB-0294,Fable Software,fablesoftware.games,"Android, iOS",1515675,521599,6440683.46,600353,206603,2551130.11,915322,314996,3889553.35,Branch,Branch,2023-12-28,false,,,1,Branch 2023-12-28,false,,,false,2023-12-17,2026-12-17,94,false,00117N1KQ9JWVRUAAO,Fable Software,domain,0,,Prospect,Camila Haddad,EMEA,2025-11-17,0,true,0,,,,,
2026-09-14,APP-1712,Yonder Weather,weather.yondertechnologies.ai,Business,PUB-0295,Yonder Technologies,yondertechnologies.ai,"Android, iOS",73685,28713,298259.16,26360,10272,106699.87,47325,18441,191559.29,AppsFlyer,AppsFlyer,2024-03-02,false,,,1,AppsFlyer 2024-03-02,false,,,false,2024-03-02,2027-03-02,169,false,00150PR4AISLPGFAAO,Yonder Technologies,domain,0,,Prospect,Camila Haddad,EMEA,2025-12-30,,false,0,,,,,
2026-09-14,APP-1713,Yonder Care,care.yondertechnologies.ai,Weather,PUB-0295,Yonder Technologies,yondertechnologies.ai,"Android, iOS",31399,11802,47366.52,11596,4358,17492.59,19803,7444,29873.93,AppsFlyer,AppsFlyer,2024-03-04,false,,,1,AppsFlyer 2024-03-04,false,,,false,2024-03-02,2027-03-02,169,false,00150PR4AISLPGFAAO,Yonder Technologies,domain,0,,Prospect,Camila Haddad,EMEA,2025-12-30,,false,0,,,,,
2026-09-14,APP-1714,Yonder Style,style.yondertechnologies.ai,Utilities,PUB-0295,Yonder Technologies,yondertechnologies.ai,"Android, iOS",84595,28051,308847.67,34117,11313,124558.40,50478,16738,184289.27,AppsFlyer,AppsFlyer,2024-03-29,false,,,1,AppsFlyer 2024-03-29,false,,,false,2024-03-02,2027-03-02,169,false,00150PR4AISLPGFAAO,Yonder Technologies,domain,0,,Prospect,Camila Haddad,EMEA,2025-12-30,,false,0,,,,,
2026-09-14,APP-1715,Yonder Freight,freight.yondertechnologies.ai,Entertainment,PUB-0295,Yonder Technologies,yondertechnologies.ai,Android,8517611,3963765,13838167.92,,,,8517611,3963765,13838167.92,AppsFlyer,AppsFlyer,2024-03-21,false,,,1,AppsFlyer 2024-03-21,false,,,false,2024-03-02,2027-03-02,169,false,00150PR4AISLPGFAAO,Yonder Technologies,domain,0,,Prospect,Camila Haddad,EMEA,2025-12-30,0,true,0,,,,,
2026-09-14,APP-1716,Yonder Saga,saga.yondertechnologies.ai,Travel,PUB-0295,Yonder Technologies,yondertechnologies.ai,"Android, iOS",159589,46228,539779.23,65385,18940,221152.44,94204,27288,318626.79,AppsFlyer,AppsFlyer,2024-03-28,false,,,1,AppsFlyer 2024-03-28,false,,,false,2024-03-02,2027-03-02,169,false,00150PR4AISLPGFAAO,Yonder Technologies,domain,0,,Prospect,Camila Haddad,EMEA,2025-12-30,,false,0,,,,,
2026-09-14,APP-1717,Quartz Arena,arena.quartzunion.co,Utilities,PUB-0296,Quartz Union,quartzunion.co,"Android, iOS",42648,13203,163490.40,20827,6448,79838.62,21821,6755,83651.78,AppsFlyer,AppsFlyer,2025-07-04,false,,,1,AppsFlyer 2025-07-04,false,,,false,2025-07-04,2027-07-04,293,false,0018ZP7Q9M1O1DGAAO,Quartz Union,domain,0,,Prospect,Dara Nandakumar,LATAM,2026-02-18,,false,0,,,,,
2026-09-14,APP-1718,Quartz Freight,freight.quartzunion.co,Food & Drink,PUB-0296,Quartz Union,quartzunion.co,"Android, iOS",2180434,685019,3749912.89,1027224,322719,1766620.86,1153210,362300,1983292.03,AppsFlyer,AppsFlyer,2025-07-22,false,,,1,AppsFlyer 2025-07-22,false,,,false,2025-07-04,2027-07-04,293,false,0018ZP7Q9M1O1DGAAO,Quartz Union,domain,0,,Prospect,Dara Nandakumar,LATAM,2026-02-18,0,true,0,,,,,
2026-09-14,APP-1719,Quartz Charge,charge.quartzunion.co,Utilities,PUB-0296,Quartz Union,quartzunion.co,"Android, iOS",150124,51742,564365.55,53827,18552,202353.91,96297,33190,362011.64,AppsFlyer,AppsFlyer,2025-07-18,false,,,1,AppsFlyer 2025-07-18,false,,,false,2025-07-04,2027-07-04,293,false,0018ZP7Q9M1O1DGAAO,Quartz Union,domain,0,,Prospect,Dara Nandakumar,LATAM,2026-02-18,,false,0,,,,,
2026-09-14,APP-1720,Quartz Pay,pay.quartzunion.co,Health & Fitness,PUB-0296,Quartz Union,quartzunion.co,"Android, iOS",238949,67954,532179.58,117756,33488,262262.06,121193,34466,269917.52,AppsFlyer,AppsFlyer,2025-07-11,false,,,1,AppsFlyer 2025-07-11,false,,,false,2025-07-04,2027-07-04,293,false,0018ZP7Q9M1O1DGAAO,Quartz Union,domain,0,,Prospect,Dara Nandakumar,LATAM,2026-02-18,,false,0,,,,,
2026-09-14,APP-1721,Jetty Eats,eats.jettyventures.com,Sports,PUB-0297,Jetty Ventures,jettyventures.com,"Android, iOS",296926,107783,908478.32,124378,45149,380548.19,172548,62634,527930.13,AppsFlyer,AppsFlyer,2024-01-08,false,,,1,AppsFlyer 2024-01-08,false,,,false,2023-12-17,2026-12-17,94,false,001DSLHEHDT9R5BAAO,Jetty Ventures,name,1,0012FFHC37HX5C4AAO,Prospect,Rin Villalobos,LATAM,2026-07-29,,false,0,,,,,
2026-09-14,APP-1722,Jetty Studio,studio.jettyventures.com,Lifestyle,PUB-0297,Jetty Ventures,jettyventures.com,"Android, iOS",17559,7134,73647.97,7530,3059,31582.75,10029,4075,42065.22,AppsFlyer,AppsFlyer,2024-01-17,false,,,1,AppsFlyer 2024-01-17,false,,,false,2023-12-17,2026-12-17,94,false,001DSLHEHDT9R5BAAO,Jetty Ventures,name,1,0012FFHC37HX5C4AAO,Prospect,Rin Villalobos,LATAM,2026-07-29,,false,0,,,,,
2026-09-14,APP-1723,Jetty Tap,tap.jettyventures.com,Food & Drink,PUB-0297,Jetty Ventures,jettyventures.com,"Android, iOS",672556,238169,1353002.03,305386,108145,614354.17,367170,130024,738647.86,AppsFlyer,AppsFlyer,2023-12-25,false,,,1,AppsFlyer 2023-12-25,false,,,false,2023-12-17,2026-12-17,94,false,001DSLHEHDT9R5BAAO,Jetty Ventures,name,1,0012FFHC37HX5C4AAO,Prospect,Rin Villalobos,LATAM,2026-07-29,,false,0,,,,,
2026-09-14,APP-1724,Jetty Health,health.jettyventures.com,Health & Fitness,PUB-0297,Jetty Ventures,jettyventures.com,Android,1580626,675945,2315944.52,,,,1580626,675945,2315944.52,AppsFlyer,AppsFlyer,2023-12-17,false,,,1,AppsFlyer 2023-12-17,false,,,false,2023-12-17,2026-12-17,94,false,001DSLHEHDT9R5BAAO,Jetty Ventures,name,1,0012FFHC37HX5C4AAO,Prospect,Rin Villalobos,LATAM,2026-07-29,0,true,0,,,,,
2026-09-14,APP-1725,Jetty Stay,stay.jettyventures.com,Lifestyle,PUB-0297,Jetty Ventures,jettyventures.com,"Android, iOS",247157,112012,1093699.76,98943,44841,437836.51,148214,67171,655863.25,AppsFlyer,AppsFlyer,2023-12-21,false,,,1,AppsFlyer 2023-12-21,false,,,false,2023-12-17,2026-12-17,94,false,001DSLHEHDT9R5BAAO,Jetty Ventures,name,1,0012FFHC37HX5C4AAO,Prospect,Rin Villalobos,LATAM,2026-07-29,,false,0,,,,,
2026-09-14,APP-1726,Ionic Pulse,pulse.ionicfoundry.co,Games,PUB-0298,Ionic Foundry,ionicfoundry.co,"Android, iOS",9244821,2913530,25826287.52,3348861,1055402,9355362.23,5895960,1858128,16470925.29,Singular,Singular,2024-07-02,true,,,1,Singular 2024-07-02,false,,,false,2024-06-23,2027-06-23,282,false,001TOJEYF2PEVAWAAO,Ionic Foundry,domain,0,,Prospect,Dara Nandakumar,LATAM,2026-01-23,0,true,0,prospect_on_singular_sdk,,,,
2026-09-14,APP-1727,Ionic Eats,eats.ionicfoundry.co,Food & Drink,PUB-0298,Ionic Foundry,ionicfoundry.co,iOS,102002,33476,89713.90,102002,33476,89713.90,,,,Singular,Singular,2024-07-20,true,,,1,Singular 2024-07-20,false,,,false,2024-06-23,2027-06-23,282,false,001TOJEYF2PEVAWAAO,Ionic Foundry,domain,0,,Prospect,Dara Nandakumar,LATAM,2026-01-23,,false,0,prospect_on_singular_sdk,,,,
2026-09-14,APP-1728,Ionic Tap,tap.ionicfoundry.co,Weather,PUB-0298,Ionic Foundry,ionicfoundry.co,"Android, iOS",149262,45296,625611.21,60683,18415,254346.37,88579,26881,371264.84,Singular,Singular,2024-07-02,true,,,1,Singular 2024-07-02,false,,,false,2024-06-23,2027-06-23,282,false,001TOJEYF2PEVAWAAO,Ionic Foundry,domain,0,,Prospect,Dara Nandakumar,LATAM,2026-01-23,,false,0,prospect_on_singular_sdk,,,,
2026-09-14,APP-1729,Ionic Bank,bank.ionicfoundry.co,Productivity,PUB-0298,Ionic Foundry,ionicfoundry.co,"Android, iOS",278525,86011,752305.81,100498,31035,271449.89,178027,54976,480855.92,Singular,Singular,2024-07-05,true,,,1,Singular 2024-07-05,false,,,false,2024-06-23,2027-06-23,282,false,001TOJEYF2PEVAWAAO,Ionic Foundry,domain,0,,Prospect,Dara Nandakumar,LATAM,2026-01-23,,false,0,prospect_on_singular_sdk,,,,
2026-09-14,APP-1730,Ionic Invest,invest.ionicfoundry.co,Games,PUB-0298,Ionic Foundry,ionicfoundry.co,"Android, iOS",2357504,851179,1533795.01,945107,341232,614888.05,1412397,509947,918906.96,Singular,Singular,2024-07-15,true,,,1,Singular 2024-07-15,false,,,false,2024-06-23,2027-06-23,282,false,001TOJEYF2PEVAWAAO,Ionic Foundry,domain,0,,Prospect,Dara Nandakumar,LATAM,2026-01-23,,false,0,prospect_on_singular_sdk,,,,
2026-09-14,APP-1731,Ionic Rush,rush.ionicfoundry.co,Travel,PUB-0298,Ionic Foundry,ionicfoundry.co,"Android, iOS",193297,85744,247767.55,88225,39136,113087.05,105072,46608,134680.50,Singular,Singular,2024-06-23,true,,,1,Singular 2024-06-23,false,,,false,2024-06-23,2027-06-23,282,false,001TOJEYF2PEVAWAAO,Ionic Foundry,domain,0,,Prospect,Dara Nandakumar,LATAM,2026-01-23,,false,0,prospect_on_singular_sdk,,,,
2026-09-14,APP-1732,Hazel Eats,eats.hazelunion.net,Education,PUB-0299,Hazel Union,hazelunion.net,iOS,10190942,4403001,11126283.99,10190942,4403001,11126283.99,,,,Adjust,Adjust,2024-08-23,false,,,1,Adjust 2024-08-23,false,,,false,2024-08-23,2027-08-23,343,false,001VIFBUCOLEM7WAAO,Hazel Union,domain,0,,Customer,Tobias Diallo,US,2026-04-02,791000,true,791000,customer_without_singular_sdk,,,,
2026-09-14,APP-1733,Hazel Transit,transit.hazelunion.net,Finance,PUB-0299,Hazel Union,hazelunion.net,"Android, iOS",285327,101762,743927.73,123878,44181,322986.06,161449,57581,420941.67,Adjust,Adjust,2024-08-24,false,,,1,Adjust 2024-08-24,false,,,false,2024-08-23,2027-08-23,343,false,001VIFBUCOLEM7WAAO,Hazel Union,domain,0,,Customer,Tobias Diallo,US,2026-04-02,,false,791000,customer_without_singular_sdk,,,,
2026-09-14,APP-1734,Sundial Go,go.sundialapps.io,Sports,PUB-0300,Sundial Apps,sundialapps.io,"Android, iOS",203287,70689,906803.59,94385,32820,421024.11,108902,37869,485779.48,AppsFlyer,AppsFlyer,2025-02-03,false,,,1,AppsFlyer 2025-02-03,false,,,false,2025-02-03,2027-02-03,142,false,001P6TSSYGIM4RMAAO,Sundial Apps,domain,0,,Customer,Viktor Costa,EMEA,2026-04-26,596000,true,596000,customer_without_singular_sdk,,,,
